arch,task,model,metric,sampleseed,mean,std,n,t_statistic,p_value,significant,ablation
poet,annotation_scl_balanced_mean,poet_201M,test_performance_1,sampling_seed-42,0.6986829211042306,0.0009777768579541724,5,-327.96978745429,2.59274010047856e-10,True,rand
poet,evolution_remote_homology_tape_rh_processed_test-family-holdout_mean,poet_201M,test_performance_1,sampling_seed-42,0.00015723270440251574,0.00035158301533015564,5,1.0,0.8130495168499705,False,rand
poet,evolution_remote_homology_tape_rh_processed_test-fold-holdout_mean,poet_201M,test_performance_1,sampling_seed-42,0.0,0.0,5,,,,rand
poet,evolution_remote_homology_tape_rh_processed_test-superfamily-holdout_mean,poet_201M,test_performance_1,sampling_seed-42,0.0022328548644338117,0.0010397452001918099,5,-0.34299717028501775,0.37443422501176327,False,rand
poet,proeng_aav_low_vs_high_mean,poet_201M,test_performance_1,sampling_seed-42,0.9179933222261699,1.0857840763101084e-06,5,-61200.61912725393,2.1384445397046722e-19,True,rand
poet,proeng_aav_one_vs_many_mean,poet_201M,test_performance_1,sampling_seed-42,0.9644542220380796,2.895137780311553e-07,5,-110094.36733075902,2.042024056840462e-20,True,rand
poet,proeng_aav_two_vs_many_mean,poet_201M,test_performance_1,sampling_seed-42,0.9607350355896835,7.110652531802225e-07,5,-50273.09955194801,4.696546265356449e-19,True,rand
poet,proeng_gb1_low_vs_high_mean,poet_201M,test_performance_1,sampling_seed-42,0.9008575799241797,3.5515014846987104e-06,5,-21730.45298311102,1.3453836034317535e-17,True,rand
poet,proeng_gb1_one_vs_rest_mean,poet_201M,test_performance_1,sampling_seed-42,0.8471296844384639,0.0010800853829812714,5,-88.26914642310254,4.9375787908599345e-08,True,rand
poet,proeng_gb1_two_vs_rest_mean,poet_201M,test_performance_1,sampling_seed-42,0.860329330000317,0.0008942955145148726,5,24.608263170344912,0.9999919084572054,False,rand
poet,proeng_thermo_mixed_split_mean,poet_201M,test_performance_1,sampling_seed-42,0.9845479989294066,1.0188805042246754e-07,5,-180942.36365623857,2.798724939020518e-21,True,rand
poet,structure_secondary_structure_tape_ss3_processed_casp12_noflatten,poet_201M,test_performance_1,sampling_seed-42,0.6396298866728061,0.0,5,-inf,0.0,True,rand
poet,structure_secondary_structure_tape_ss3_processed_cb513_noflatten,poet_201M,test_performance_1,sampling_seed-42,0.6400309290764483,0.0,5,-inf,0.0,True,rand
poet,structure_secondary_structure_tape_ss3_processed_ts115_noflatten,poet_201M,test_performance_1,sampling_seed-42,0.6433756081706606,0.0,5,-inf,0.0,True,rand
protmamba,annotation_scl_balanced_mean,protmamba_107M_195B,test_performance_1,sampling_seed-0,0.6867847721776393,0.015895200934425188,5,-12.344469958196466,0.00012372761832919727,True,rand
protmamba,annotation_scl_balanced_mean,protmamba_107M_195B,test_performance_1,sampling_seed-12345,0.6865798107156161,0.016574255958779507,5,-9.147401644045429,0.0003963667401441392,True,rand
protmamba,annotation_scl_balanced_mean,protmamba_107M_195B,test_performance_1,sampling_seed-42,0.6867461856403407,0.016381141429084433,5,-12.083271894172597,0.00013452678102094415,True,rand
protmamba,evolution_remote_homology_tape_rh_processed_test-family-holdout_mean,protmamba_107M_195B,test_performance_1,sampling_seed-0,0.000628930817610063,0.0008611989897879971,5,-24.90314571829564,7.717030296647744e-06,True,rand
protmamba,evolution_remote_homology_tape_rh_processed_test-family-holdout_mean,protmamba_107M_195B,test_performance_1,sampling_seed-12345,0.000628930817610063,0.0008611989897879971,5,-20.820662813657012,1.572148331664115e-05,True,rand
protmamba,evolution_remote_homology_tape_rh_processed_test-family-holdout_mean,protmamba_107M_195B,test_performance_1,sampling_seed-42,0.000628930817610063,0.0008611989897879971,5,-20.820662813657012,1.572148331664115e-05,True,rand
protmamba,evolution_remote_homology_tape_rh_processed_test-fold-holdout_mean,protmamba_107M_195B,test_performance_1,sampling_seed-0,0.0,0.0,5,-inf,0.0,True,rand
protmamba,evolution_remote_homology_tape_rh_processed_test-fold-holdout_mean,protmamba_107M_195B,test_performance_1,sampling_seed-12345,0.0,0.0,5,-inf,0.0,True,rand
protmamba,evolution_remote_homology_tape_rh_processed_test-fold-holdout_mean,protmamba_107M_195B,test_performance_1,sampling_seed-42,0.0,0.0,5,,,,rand
protmamba,evolution_remote_homology_tape_rh_processed_test-superfamily-holdout_mean,protmamba_107M_195B,test_performance_1,sampling_seed-0,0.0019138755980861242,0.001554512654674476,5,-4.129483209670112,0.007249999999999998,True,rand
protmamba,evolution_remote_homology_tape_rh_processed_test-superfamily-holdout_mean,protmamba_107M_195B,test_performance_1,sampling_seed-12345,0.0019138755980861242,0.001554512654674476,5,-0.6882472016116854,0.2645666501909289,False,rand
protmamba,evolution_remote_homology_tape_rh_processed_test-superfamily-holdout_mean,protmamba_107M_195B,test_performance_1,sampling_seed-42,0.0019138755980861242,0.001554512654674476,5,-1.8353258709644944,0.0701786933094972,False,rand
protmamba,proeng_aav_low_vs_high_mean,protmamba_107M_195B,test_performance_1,sampling_seed-0,0.9303641333568781,0.0015272250623532353,5,-8.333916430542885,0.0005664310772184422,True,rand
protmamba,proeng_aav_low_vs_high_mean,protmamba_107M_195B,test_performance_1,sampling_seed-12345,0.9303640433227987,0.0015275679499067822,5,-8.332177539716698,0.0005668825449981787,True,rand
protmamba,proeng_aav_low_vs_high_mean,protmamba_107M_195B,test_performance_1,sampling_seed-42,0.9303645651758128,0.0015272633616864866,5,-8.333075213522363,0.0005666494265630479,True,rand
protmamba,proeng_aav_one_vs_many_mean,protmamba_107M_195B,test_performance_1,sampling_seed-0,0.9652949972702013,0.0008952907521050525,5,-20.46896781339147,1.6821260277812947e-05,True,rand
protmamba,proeng_aav_one_vs_many_mean,protmamba_107M_195B,test_performance_1,sampling_seed-12345,0.965293973975337,0.0008950614970343418,5,-20.476767022232583,1.679584902775435e-05,True,rand
protmamba,proeng_aav_one_vs_many_mean,protmamba_107M_195B,test_performance_1,sampling_seed-42,0.9652946192517063,0.0008959993413713771,5,-20.453723588085516,1.6871067451683265e-05,True,rand
protmamba,proeng_aav_two_vs_many_mean,protmamba_107M_195B,test_performance_1,sampling_seed-0,0.9745468656686901,0.0029796989478324365,5,-1.9764969165247557,0.05963942315511164,False,rand
protmamba,proeng_aav_two_vs_many_mean,protmamba_107M_195B,test_performance_1,sampling_seed-12345,0.9745464026629971,0.0029797844779079893,5,-1.9767876295878504,0.05961958045804624,False,rand
protmamba,proeng_aav_two_vs_many_mean,protmamba_107M_195B,test_performance_1,sampling_seed-42,0.9745478119156834,0.002980662439612513,5,-1.975148152209968,0.0597315778040528,False,rand
protmamba,proeng_gb1_low_vs_high_mean,protmamba_107M_195B,test_performance_1,sampling_seed-0,0.9252992689382704,0.0027623039584308453,5,-12.34878175849445,0.0001235585835041372,True,rand
protmamba,proeng_gb1_low_vs_high_mean,protmamba_107M_195B,test_performance_1,sampling_seed-12345,0.9252992689382704,0.0027623039584308453,5,-12.34878175849445,0.0001235585835041372,True,rand
protmamba,proeng_gb1_low_vs_high_mean,protmamba_107M_195B,test_performance_1,sampling_seed-42,0.9252992689382704,0.0027623039584308453,5,-12.34878175849445,0.0001235585835041372,True,rand
protmamba,proeng_gb1_one_vs_rest_mean,protmamba_107M_195B,test_performance_1,sampling_seed-0,0.8726429206697709,0.006860462751237201,5,10.095752451956272,0.9997291798536566,False,rand
protmamba,proeng_gb1_one_vs_rest_mean,protmamba_107M_195B,test_performance_1,sampling_seed-12345,0.8726429206697709,0.006860462751237201,5,10.095752451956272,0.9997291798536566,False,rand
protmamba,proeng_gb1_one_vs_rest_mean,protmamba_107M_195B,test_performance_1,sampling_seed-42,0.8726429206697709,0.006860462751237201,5,10.095752451956272,0.9997291798536566,False,rand
protmamba,proeng_gb1_two_vs_rest_mean,protmamba_107M_195B,test_performance_1,sampling_seed-0,0.8083364775367915,0.005525163446712394,5,-10.24925907667213,0.00025543490349129623,True,rand
protmamba,proeng_gb1_two_vs_rest_mean,protmamba_107M_195B,test_performance_1,sampling_seed-12345,0.8083364775367915,0.005525163446712394,5,-10.24925907667213,0.00025543490349129623,True,rand
protmamba,proeng_gb1_two_vs_rest_mean,protmamba_107M_195B,test_performance_1,sampling_seed-42,0.8083364775367915,0.005525163446712394,5,-10.24925907667213,0.00025543490349129623,True,rand
protmamba,proeng_thermo_mixed_split_mean,protmamba_107M_195B,test_performance_1,sampling_seed-0,0.9837850860916809,0.000553277257113455,5,-23.75106377019709,9.31695234004166e-06,True,rand
protmamba,proeng_thermo_mixed_split_mean,protmamba_107M_195B,test_performance_1,sampling_seed-12345,0.9837869877389224,0.0006323384124912268,5,-7.815250295093532,0.0007233913159357749,True,rand
protmamba,proeng_thermo_mixed_split_mean,protmamba_107M_195B,test_performance_1,sampling_seed-42,0.9837805939656101,0.0005109182339244375,5,-15.9889394743144,4.4730243998930815e-05,True,rand
protmamba,structure_secondary_structure_tape_ss3_processed_casp12_noflatten,protmamba_107M_195B,test_performance_1,sampling_seed-0,0.6302127250249596,0.002925923149451436,5,-143.25123036056243,7.121750174913688e-09,True,rand
protmamba,structure_secondary_structure_tape_ss3_processed_casp12_noflatten,protmamba_107M_195B,test_performance_1,sampling_seed-12345,0.630313750434745,0.0028782947770435796,5,-145.06967772398542,6.771378763604193e-09,True,rand
protmamba,structure_secondary_structure_tape_ss3_processed_casp12_noflatten,protmamba_107M_195B,test_performance_1,sampling_seed-42,0.6301867088258256,0.002948118676165515,5,-141.8651205846668,7.404144428054222e-09,True,rand
protmamba,structure_secondary_structure_tape_ss3_processed_cb513_noflatten,protmamba_107M_195B,test_performance_1,sampling_seed-0,0.6325440787553858,0.0015798259838424688,5,-295.8366538061598,3.9163387288673553e-10,True,rand
protmamba,structure_secondary_structure_tape_ss3_processed_cb513_noflatten,protmamba_107M_195B,test_performance_1,sampling_seed-12345,0.6325584694182755,0.0015368138874362833,5,-304.0563307545858,3.5097302341186157e-10,True,rand
protmamba,structure_secondary_structure_tape_ss3_processed_cb513_noflatten,protmamba_107M_195B,test_performance_1,sampling_seed-42,0.6325338041892212,0.0015227513068906012,5,-306.92755369212534,3.3802358964774436e-10,True,rand
protmamba,structure_secondary_structure_tape_ss3_processed_ts115_noflatten,protmamba_107M_195B,test_performance_1,sampling_seed-0,0.6378730476745632,0.0020398906882523916,5,-240.2786722681556,8.999330747885577e-10,True,rand
protmamba,structure_secondary_structure_tape_ss3_processed_ts115_noflatten,protmamba_107M_195B,test_performance_1,sampling_seed-12345,0.6378495021955869,0.0021030828897627145,5,-232.31445456517812,1.0298232220589127e-09,True,rand
protmamba,structure_secondary_structure_tape_ss3_processed_ts115_noflatten,protmamba_107M_195B,test_performance_1,sampling_seed-42,0.6379080163514492,0.0020924905901056057,5,-234.19545728307264,9.971364715515114e-10,True,rand
protxlstm,annotation_scl_balanced_mean,protxlstm_102M_60B,test_performance_1,sampling_seed-0,0.7134555840925088,0.01203336749750792,5,-11.004840709014251,0.00019375350504062002,True,rand
protxlstm,annotation_scl_balanced_mean,protxlstm_102M_60B,test_performance_1,sampling_seed-12345,0.7140265479810854,0.011872711562836478,5,-11.670156492613069,0.00015411653781951143,True,rand
protxlstm,annotation_scl_balanced_mean,protxlstm_102M_60B,test_performance_1,sampling_seed-42,0.7136777652405598,0.011920183711193065,5,-11.057231707313525,0.00019020331644000997,True,rand
protxlstm,annotation_scl_balanced_mean,protxlstm_26M_30B,test_performance_1,sampling_seed-0,0.7082472511902503,0.0111962103762836,5,-13.620014070590145,8.413222738062194e-05,True,rand
protxlstm,annotation_scl_balanced_mean,protxlstm_26M_30B,test_performance_1,sampling_seed-12345,0.7062404561638023,0.010964548182533732,5,-13.823956213379823,7.935809114272211e-05,True,rand
protxlstm,annotation_scl_balanced_mean,protxlstm_26M_30B,test_performance_1,sampling_seed-42,0.7092820071966927,0.011596008962931425,5,-12.903395651092007,0.00010401904735468816,True,rand
protxlstm,evolution_remote_homology_tape_rh_processed_test-family-holdout_mean,protxlstm_102M_60B,test_performance_1,sampling_seed-0,0.00015723270440251574,0.0003515830153301557,5,1.0,0.8130495168499705,False,rand
protxlstm,evolution_remote_homology_tape_rh_processed_test-family-holdout_mean,protxlstm_102M_60B,test_performance_1,sampling_seed-12345,0.00015723270440251574,0.00035158301533015564,5,1.0,0.8130495168499705,False,rand
protxlstm,evolution_remote_homology_tape_rh_processed_test-family-holdout_mean,protxlstm_102M_60B,test_performance_1,sampling_seed-42,0.0,0.0,5,,,,rand
protxlstm,evolution_remote_homology_tape_rh_processed_test-fold-holdout_mean,protxlstm_102M_60B,test_performance_1,sampling_seed-0,0.0,0.0,5,,,,rand
protxlstm,evolution_remote_homology_tape_rh_processed_test-fold-holdout_mean,protxlstm_102M_60B,test_performance_1,sampling_seed-12345,0.0,0.0,5,,,,rand
protxlstm,evolution_remote_homology_tape_rh_processed_test-fold-holdout_mean,protxlstm_102M_60B,test_performance_1,sampling_seed-42,0.0,0.0,5,,,,rand
protxlstm,evolution_remote_homology_tape_rh_processed_test-superfamily-holdout_mean,protxlstm_102M_60B,test_performance_1,sampling_seed-0,0.0015948963317384368,0.001260876260035239,5,1.414213562373095,0.8849001794597506,False,rand
protxlstm,evolution_remote_homology_tape_rh_processed_test-superfamily-holdout_mean,protxlstm_102M_60B,test_performance_1,sampling_seed-12345,0.0015948963317384368,0.001260876260035239,5,-7.071067811865477,0.0010553229225456348,True,rand
protxlstm,evolution_remote_homology_tape_rh_processed_test-superfamily-holdout_mean,protxlstm_102M_60B,test_performance_1,sampling_seed-42,0.0012759170653907496,0.0013343860072313805,5,0.8017837257372731,0.7661976226953013,False,rand
protxlstm,proeng_aav_low_vs_high_mean,protxlstm_102M_60B,test_performance_1,sampling_seed-0,0.934310198325702,0.0016115243443864614,5,-5.431197134874269,0.002787723424653132,True,rand
protxlstm,proeng_aav_low_vs_high_mean,protxlstm_102M_60B,test_performance_1,sampling_seed-12345,0.934310198325702,0.0016115243443864614,5,-5.434624063708015,0.002781400190353015,True,rand
protxlstm,proeng_aav_low_vs_high_mean,protxlstm_102M_60B,test_performance_1,sampling_seed-42,0.934310198325702,0.0016115243443864614,5,-5.431197134874269,0.002787723424653132,True,rand
protxlstm,proeng_aav_one_vs_many_mean,protxlstm_102M_60B,test_performance_1,sampling_seed-0,0.9667753621234013,0.0016331587615273078,5,-17.57099052759639,3.080464540210356e-05,True,rand
protxlstm,proeng_aav_one_vs_many_mean,protxlstm_102M_60B,test_performance_1,sampling_seed-12345,0.9667753621234013,0.0016331587615273078,5,-17.579154331093697,3.074807120594852e-05,True,rand
protxlstm,proeng_aav_one_vs_many_mean,protxlstm_102M_60B,test_performance_1,sampling_seed-42,0.9667753621234013,0.0016331587615273078,5,-17.57099052759639,3.080464540210356e-05,True,rand
protxlstm,proeng_aav_two_vs_many_mean,protxlstm_102M_60B,test_performance_1,sampling_seed-0,0.9801847189438334,0.000717993837753414,5,-8.971097899961745,0.0004271630454065354,True,rand
protxlstm,proeng_aav_two_vs_many_mean,protxlstm_102M_60B,test_performance_1,sampling_seed-12345,0.9801847189438334,0.000717993837753414,5,-11.290343099075894,0.00017535337846274058,True,rand
protxlstm,proeng_aav_two_vs_many_mean,protxlstm_102M_60B,test_performance_1,sampling_seed-42,0.9801847189438334,0.000717993837753414,5,-8.971097899961745,0.0004271630454065354,True,rand
protxlstm,proeng_gb1_low_vs_high_mean,protxlstm_102M_60B,test_performance_1,sampling_seed-0,0.9228624323026342,0.0008779689109551466,5,-58.2221119283284,2.6056483323388073e-07,True,rand
protxlstm,proeng_gb1_low_vs_high_mean,protxlstm_102M_60B,test_performance_1,sampling_seed-12345,0.9228624323026342,0.0008779689109551466,5,-58.2221119283284,2.6056483323388073e-07,True,rand
protxlstm,proeng_gb1_low_vs_high_mean,protxlstm_102M_60B,test_performance_1,sampling_seed-42,0.9228624323026342,0.0008779689109551466,5,-58.2221119283284,2.6056483323388073e-07,True,rand
protxlstm,proeng_gb1_low_vs_high_mean,protxlstm_26M_30B,test_performance_1,sampling_seed-0,0.9192314664454644,0.0009360255983609171,5,-38.77566568199839,1.3211770422948584e-06,True,rand
protxlstm,proeng_gb1_low_vs_high_mean,protxlstm_26M_30B,test_performance_1,sampling_seed-12345,0.9192314664454644,0.0009360255983609171,5,-38.77566568199839,1.3211770422948584e-06,True,rand
protxlstm,proeng_gb1_low_vs_high_mean,protxlstm_26M_30B,test_performance_1,sampling_seed-42,0.9192314664454644,0.0009360255983609171,5,-38.77566568199839,1.3211770422948584e-06,True,rand
protxlstm,proeng_gb1_one_vs_rest_mean,protxlstm_102M_60B,test_performance_1,sampling_seed-0,0.8700016371591609,0.004424255343540623,5,-2.390360637290989,0.03756916801162947,True,rand
protxlstm,proeng_gb1_one_vs_rest_mean,protxlstm_102M_60B,test_performance_1,sampling_seed-12345,0.8700016371591609,0.004424255343540623,5,-2.390360637290989,0.03756916801162947,True,rand
protxlstm,proeng_gb1_one_vs_rest_mean,protxlstm_102M_60B,test_performance_1,sampling_seed-42,0.8700016371591609,0.004424255343540623,5,-2.390360637290989,0.03756916801162947,True,rand
protxlstm,proeng_gb1_one_vs_rest_mean,protxlstm_26M_30B,test_performance_1,sampling_seed-0,0.8658869976149794,0.004851613797908283,5,-0.08247721805409851,0.4691147971792844,False,rand
protxlstm,proeng_gb1_one_vs_rest_mean,protxlstm_26M_30B,test_performance_1,sampling_seed-12345,0.8658869976149794,0.004851613797908283,5,-0.08247721805409851,0.4691147971792844,False,rand
protxlstm,proeng_gb1_one_vs_rest_mean,protxlstm_26M_30B,test_performance_1,sampling_seed-42,0.8658869976149794,0.004851613797908283,5,-0.08247721805409851,0.4691147971792844,False,rand
protxlstm,proeng_gb1_two_vs_rest_mean,protxlstm_102M_60B,test_performance_1,sampling_seed-0,0.828563909261143,0.012605874143887794,5,-5.583105312929203,0.0025235227870509325,True,rand
protxlstm,proeng_gb1_two_vs_rest_mean,protxlstm_102M_60B,test_performance_1,sampling_seed-12345,0.828563909261143,0.012605874143887794,5,-5.583105312929203,0.0025235227870509325,True,rand
protxlstm,proeng_gb1_two_vs_rest_mean,protxlstm_102M_60B,test_performance_1,sampling_seed-42,0.828563909261143,0.012605874143887794,5,-5.583105312929203,0.0025235227870509325,True,rand
protxlstm,proeng_gb1_two_vs_rest_mean,protxlstm_26M_30B,test_performance_1,sampling_seed-0,0.8280536068977215,0.009651237308724716,5,-4.303199048517005,0.006306829914656598,True,rand
protxlstm,proeng_gb1_two_vs_rest_mean,protxlstm_26M_30B,test_performance_1,sampling_seed-12345,0.8280536068977215,0.009651237308724716,5,-4.303199048517005,0.006306829914656598,True,rand
protxlstm,proeng_gb1_two_vs_rest_mean,protxlstm_26M_30B,test_performance_1,sampling_seed-42,0.8280536068977215,0.009651237308724716,5,-4.303199048517005,0.006306829914656598,True,rand
protxlstm,proeng_thermo_mixed_split_mean,protxlstm_102M_60B,test_performance_1,sampling_seed-0,0.984942861192098,0.00027074957816705403,5,-52.13268916555843,4.051503254483325e-07,True,rand
protxlstm,proeng_thermo_mixed_split_mean,protxlstm_102M_60B,test_performance_1,sampling_seed-12345,0.9849645612861508,0.0003247680889597811,5,-45.1430055000681,7.200124033956856e-07,True,rand
protxlstm,proeng_thermo_mixed_split_mean,protxlstm_102M_60B,test_performance_1,sampling_seed-42,0.9849295349200888,0.0003054288525612542,5,-46.09529077371011,6.624202657554587e-07,True,rand
protxlstm,structure_secondary_structure_tape_ss3_processed_casp12_noflatten,protxlstm_102M_60B,test_performance_1,sampling_seed-0,0.6572729730258825,0.0031438433937410653,5,-126.60507731000553,1.1671754787019427e-08,True,rand
protxlstm,structure_secondary_structure_tape_ss3_processed_casp12_noflatten,protxlstm_102M_60B,test_performance_1,sampling_seed-12345,0.6572169387099127,0.0029949776320389453,5,-132.5824467454369,9.705377770975952e-09,True,rand
protxlstm,structure_secondary_structure_tape_ss3_processed_casp12_noflatten,protxlstm_102M_60B,test_performance_1,sampling_seed-42,0.6571561169712403,0.003130221456835899,5,-124.7478980955528,1.2382327361413636e-08,True,rand
protxlstm,structure_secondary_structure_tape_ss3_processed_casp12_noflatten,protxlstm_26M_30B,test_performance_1,sampling_seed-0,0.641364122136376,0.010908082196550333,2,-20.132615880229597,0.015797673771092792,True,rand
protxlstm,structure_secondary_structure_tape_ss3_processed_casp12_noflatten,protxlstm_26M_30B,test_performance_1,sampling_seed-12345,0.6414349986587919,0.010486345286885287,2,-20.968291661901393,0.01516904165824239,True,rand
protxlstm,structure_secondary_structure_tape_ss3_processed_casp12_noflatten,protxlstm_26M_30B,test_performance_1,sampling_seed-42,0.6426920046583025,0.007970865287467823,3,-33.31813050745013,0.00044980306004635285,True,rand
protxlstm,structure_secondary_structure_tape_ss3_processed_cb513_noflatten,protxlstm_102M_60B,test_performance_1,sampling_seed-0,0.6623611282493927,0.0026166448640580577,5,-185.70701001691864,2.5218782473437095e-09,True,rand
protxlstm,structure_secondary_structure_tape_ss3_processed_cb513_noflatten,protxlstm_102M_60B,test_performance_1,sampling_seed-12345,0.6624676904890496,0.0026646254886265363,5,-181.6254638865613,2.7563003802310213e-09,True,rand
protxlstm,structure_secondary_structure_tape_ss3_processed_cb513_noflatten,protxlstm_102M_60B,test_performance_1,sampling_seed-42,0.6624639291795196,0.0026611882010611925,5,-182.51470663643266,2.702980330659792e-09,True,rand
protxlstm,structure_secondary_structure_tape_ss3_processed_cb513_noflatten,protxlstm_26M_30B,test_performance_1,sampling_seed-0,0.6432505083693804,0.0007587470818803355,2,-367.9386653694106,0.0008651145758678259,True,rand
protxlstm,structure_secondary_structure_tape_ss3_processed_cb513_noflatten,protxlstm_26M_30B,test_performance_1,sampling_seed-12345,0.6430659114089617,0.0007908408393597655,2,-352.75412822153544,0.0009023538154336622,True,rand
protxlstm,structure_secondary_structure_tape_ss3_processed_cb513_noflatten,protxlstm_26M_30B,test_performance_1,sampling_seed-42,0.6419271506408091,0.0021390963171309236,3,-160.8425120492804,1.9326051367182657e-05,True,rand
protxlstm,structure_secondary_structure_tape_ss3_processed_ts115_noflatten,protxlstm_102M_60B,test_performance_1,sampling_seed-0,0.6678277292606445,0.00346702071278472,5,-142.11914902426662,7.351357243864937e-09,True,rand
protxlstm,structure_secondary_structure_tape_ss3_processed_ts115_noflatten,protxlstm_102M_60B,test_performance_1,sampling_seed-12345,0.6678836863205634,0.0034727884433063214,5,-142.04442158702375,7.366836651784813e-09,True,rand
protxlstm,structure_secondary_structure_tape_ss3_processed_ts115_noflatten,protxlstm_102M_60B,test_performance_1,sampling_seed-42,0.667904242280084,0.0034711069163929327,5,-142.04512162552314,7.3666914534341346e-09,True,rand
protxlstm,structure_secondary_structure_tape_ss3_processed_ts115_noflatten,protxlstm_26M_30B,test_performance_1,sampling_seed-0,0.6468010275698713,0.0014666536854673635,2,-193.90309186536666,0.0016415780746511935,True,rand
protxlstm,structure_secondary_structure_tape_ss3_processed_ts115_noflatten,protxlstm_26M_30B,test_performance_1,sampling_seed-12345,0.6466923438569626,0.0017020459714168121,2,-166.5900624552776,0.0019107145909112266,True,rand
protxlstm,structure_secondary_structure_tape_ss3_processed_ts115_noflatten,protxlstm_26M_30B,test_performance_1,sampling_seed-42,0.6455386796299197,0.0022981687889523177,3,-152.37173130542274,2.1534418178894074e-05,True,rand
poet,annotation_scl_balanced_mean,poet_201M,test_performance_1,sampling_seed-42,0.7737532363970941,0.005934732209564744,5,-25.749930207040666,6.755586002029617e-06,True,stat
poet,evolution_remote_homology_tape_rh_processed_test-family-holdout_mean,poet_201M,test_performance_1,sampling_seed-42,0.0,0.0,5,,,,stat
poet,evolution_remote_homology_tape_rh_processed_test-fold-holdout_mean,poet_201M,test_performance_1,sampling_seed-42,0.0,0.0,5,,,,stat
poet,evolution_remote_homology_tape_rh_processed_test-superfamily-holdout_mean,poet_201M,test_performance_1,sampling_seed-42,0.002073365231259968,0.00043678034888769223,5,-1.6329931618554525,0.08890390417811055,False,stat
poet,proeng_aav_low_vs_high_mean,poet_201M,test_performance_1,sampling_seed-42,0.9268900090153475,0.0007034225326326117,5,-66.18647983783448,1.5609301925569096e-07,True,stat
poet,proeng_aav_one_vs_many_mean,poet_201M,test_performance_1,sampling_seed-42,0.9660724079875169,0.004318455373183985,5,-6.542955756393131,0.0014100978090144868,True,stat
poet,proeng_aav_two_vs_many_mean,poet_201M,test_performance_1,sampling_seed-42,0.9650596074708455,0.0042906150533508726,5,-6.077780746336647,0.0018516618173600983,True,stat
poet,proeng_gb1_low_vs_high_mean,poet_201M,test_performance_1,sampling_seed-42,0.9255413192239285,0.004147412173068178,5,-5.29998372534836,0.00304362028119262,True,stat
poet,proeng_gb1_one_vs_rest_mean,poet_201M,test_performance_1,sampling_seed-42,0.8513616386884648,0.0007572831980754512,5,-113.3991585412138,1.8132463406596258e-08,True,stat
poet,proeng_gb1_two_vs_rest_mean,poet_201M,test_performance_1,sampling_seed-42,0.8653475828296004,0.012838546185393073,5,2.5881601661101286,0.9695991371770049,False,stat
poet,proeng_thermo_mixed_split_mean,poet_201M,test_performance_1,sampling_seed-42,0.9887500675316842,0.00016097571888952684,5,-56.15600721224835,3.0103625686710495e-07,True,stat
poet,structure_secondary_structure_tape_ss3_processed_casp12_noflatten,poet_201M,test_performance_1,sampling_seed-42,0.7203954474096849,0.003499831174587434,5,-122.36320976087252,1.337594474250122e-08,True,stat
poet,structure_secondary_structure_tape_ss3_processed_cb513_noflatten,poet_201M,test_performance_1,sampling_seed-42,0.6912903073833869,0.0008782787645831752,5,-637.8883471414729,1.8119051730597792e-11,True,stat
poet,structure_secondary_structure_tape_ss3_processed_ts115_noflatten,poet_201M,test_performance_1,sampling_seed-42,0.7314888347820435,0.0019404138669401373,5,-249.37173557042206,7.756857017579419e-10,True,stat
protmamba,annotation_scl_balanced_mean,protmamba_107M_195B,test_performance_1,sampling_seed-0,0.5004476507179769,0.020787670050779684,5,-29.482876110348922,3.940200758943331e-06,True,stat
protmamba,annotation_scl_balanced_mean,protmamba_107M_195B,test_performance_1,sampling_seed-12345,0.5143205479933012,0.018784733809305256,5,-28.576119462568748,4.462425360365036e-06,True,stat
protmamba,annotation_scl_balanced_mean,protmamba_107M_195B,test_performance_1,sampling_seed-42,0.5123458226011083,0.0322708800521423,5,-18.217936787932736,2.6696289147589545e-05,True,stat
protmamba,evolution_remote_homology_tape_rh_processed_test-family-holdout_mean,protmamba_107M_195B,test_performance_1,sampling_seed-0,0.0023584905660377358,0.001111803115073188,5,-15.811388300841895,4.674637319997229e-05,True,stat
protmamba,evolution_remote_homology_tape_rh_processed_test-family-holdout_mean,protmamba_107M_195B,test_performance_1,sampling_seed-12345,0.0028301886792452833,0.0018098843448461222,5,-7.187515381443756,0.0009925239856367338,True,stat
protmamba,evolution_remote_homology_tape_rh_processed_test-family-holdout_mean,protmamba_107M_195B,test_performance_1,sampling_seed-42,0.0033018867924528303,0.0012917984846819953,5,-9.253627917180896,0.00037913662148122463,True,stat
protmamba,evolution_remote_homology_tape_rh_processed_test-fold-holdout_mean,protmamba_107M_195B,test_performance_1,sampling_seed-0,0.004456824512534819,0.0018159338176051945,5,3.772968873135195,0.9902228936398477,False,stat
protmamba,evolution_remote_homology_tape_rh_processed_test-fold-holdout_mean,protmamba_107M_195B,test_performance_1,sampling_seed-12345,0.005013927576601671,0.0015879880572411392,5,5.099019513592785,0.9965063126673401,False,stat
protmamba,evolution_remote_homology_tape_rh_processed_test-fold-holdout_mean,protmamba_107M_195B,test_performance_1,sampling_seed-42,0.004178272980501393,0.001392757660167131,5,6.708203932499369,0.9987148696173,False,stat
protmamba,evolution_remote_homology_tape_rh_processed_test-superfamily-holdout_mean,protmamba_107M_195B,test_performance_1,sampling_seed-0,0.005422647527910686,0.0014265186459328802,5,1.0000000000000002,0.8130495168499705,False,stat
protmamba,evolution_remote_homology_tape_rh_processed_test-superfamily-holdout_mean,protmamba_107M_195B,test_performance_1,sampling_seed-12345,0.003508771929824561,0.0010698889844496602,5,2.3333333333333326,0.9600201767272091,False,stat
protmamba,evolution_remote_homology_tape_rh_processed_test-superfamily-holdout_mean,protmamba_107M_195B,test_performance_1,sampling_seed-42,0.004784688995215311,0.002704278302681526,5,1.3187609467915737,0.8711582390009323,False,stat
protmamba,proeng_aav_low_vs_high_mean,protmamba_107M_195B,test_performance_1,sampling_seed-0,0.9360365524380854,0.0014166252422385794,5,-0.030954818909470782,0.4883942595866075,False,stat
protmamba,proeng_aav_low_vs_high_mean,protmamba_107M_195B,test_performance_1,sampling_seed-12345,0.9360365524380854,0.0014166252422385794,5,-0.030954818909470782,0.4883942595866075,False,stat
protmamba,proeng_aav_low_vs_high_mean,protmamba_107M_195B,test_performance_1,sampling_seed-42,0.9360365524380854,0.0014166252422385794,5,-0.030954818909470782,0.4883942595866075,False,stat
protmamba,proeng_aav_one_vs_many_mean,protmamba_107M_195B,test_performance_1,sampling_seed-0,0.9680318108067242,0.0018094788600839119,5,-6.7455756175524195,0.001258785321321703,True,stat
protmamba,proeng_aav_one_vs_many_mean,protmamba_107M_195B,test_performance_1,sampling_seed-12345,0.9680318108067242,0.0018094788600839119,5,-6.7455756175524195,0.001258785321321703,True,stat
protmamba,proeng_aav_one_vs_many_mean,protmamba_107M_195B,test_performance_1,sampling_seed-42,0.9680318108067242,0.0018094788600839119,5,-6.7455756175524195,0.001258785321321703,True,stat
protmamba,proeng_aav_two_vs_many_mean,protmamba_107M_195B,test_performance_1,sampling_seed-0,0.984413568719322,0.0007129032173467005,5,22.686463686681776,0.9999888198043735,False,stat
protmamba,proeng_aav_two_vs_many_mean,protmamba_107M_195B,test_performance_1,sampling_seed-12345,0.984413568719322,0.0007129032173467005,5,22.686463686681776,0.9999888198043735,False,stat
protmamba,proeng_aav_two_vs_many_mean,protmamba_107M_195B,test_performance_1,sampling_seed-42,0.984413568719322,0.0007129032173467005,5,22.686463686681776,0.9999888198043735,False,stat
protmamba,proeng_gb1_low_vs_high_mean,protmamba_107M_195B,test_performance_1,sampling_seed-0,0.9063247893543759,0.002673975851161571,5,-28.623786892955437,4.432894145857218e-06,True,stat
protmamba,proeng_gb1_low_vs_high_mean,protmamba_107M_195B,test_performance_1,sampling_seed-12345,0.9063248808616537,0.0026739572046793644,5,-28.623909975119453,4.432818209718647e-06,True,stat
protmamba,proeng_gb1_low_vs_high_mean,protmamba_107M_195B,test_performance_1,sampling_seed-42,0.9063124923004903,0.0026877347497677884,5,-28.487488200085316,4.517990880897964e-06,True,stat
protmamba,proeng_gb1_one_vs_rest_mean,protmamba_107M_195B,test_performance_1,sampling_seed-0,0.8501519238586992,0.002804025588635506,5,6.765321959954572,0.9987548661009621,False,stat
protmamba,proeng_gb1_one_vs_rest_mean,protmamba_107M_195B,test_performance_1,sampling_seed-12345,0.8501519043524107,0.0028039960832531405,5,6.765377593421812,0.9987549043041141,False,stat
protmamba,proeng_gb1_one_vs_rest_mean,protmamba_107M_195B,test_performance_1,sampling_seed-42,0.8501520175857928,0.0028040654069388564,5,6.765300632531468,0.9987548514551717,False,stat
protmamba,proeng_gb1_two_vs_rest_mean,protmamba_107M_195B,test_performance_1,sampling_seed-0,0.8362095197279249,0.00358079737362685,5,1.5910382181188436,0.9065943790466737,False,stat
protmamba,proeng_gb1_two_vs_rest_mean,protmamba_107M_195B,test_performance_1,sampling_seed-12345,0.83620948432873,0.0035807743937985334,5,1.5910263231440749,0.9065930697689512,False,stat
protmamba,proeng_gb1_two_vs_rest_mean,protmamba_107M_195B,test_performance_1,sampling_seed-42,0.8362093931667258,0.003580952535491703,5,1.5908902496953101,0.9065780908393157,False,stat
protmamba,proeng_thermo_mixed_split_mean,protmamba_107M_195B,test_performance_1,sampling_seed-0,0.9579498108082742,0.001910347389825442,5,-37.11908920078579,1.5726554233549218e-06,True,stat
protmamba,proeng_thermo_mixed_split_mean,protmamba_107M_195B,test_performance_1,sampling_seed-12345,0.9586905753514076,0.0020918826122881904,5,-29.18862019120797,4.100872640881123e-06,True,stat
protmamba,proeng_thermo_mixed_split_mean,protmamba_107M_195B,test_performance_1,sampling_seed-42,0.9588267411094146,0.002003043530780417,5,-31.935178153916222,2.865565075136162e-06,True,stat
protmamba,structure_secondary_structure_tape_ss3_processed_casp12_noflatten,protmamba_107M_195B,test_performance_1,sampling_seed-0,0.49971563254122603,0.004412009009358976,5,-161.13803468011696,4.448540076207636e-09,True,stat
protmamba,structure_secondary_structure_tape_ss3_processed_casp12_noflatten,protmamba_107M_195B,test_performance_1,sampling_seed-12345,0.5045283257322748,0.006394872411547338,5,-109.27787310531461,2.1025672979508722e-08,True,stat
protmamba,structure_secondary_structure_tape_ss3_processed_casp12_noflatten,protmamba_107M_195B,test_performance_1,sampling_seed-42,0.4990835947922088,0.007382140867155188,5,-96.3664469880737,3.476211214432904e-08,True,stat
protmamba,structure_secondary_structure_tape_ss3_processed_cb513_noflatten,protmamba_107M_195B,test_performance_1,sampling_seed-0,0.5009167143879332,0.0011198464251733226,5,-680.1809158455341,1.4015778529404254e-11,True,stat
protmamba,structure_secondary_structure_tape_ss3_processed_cb513_noflatten,protmamba_107M_195B,test_performance_1,sampling_seed-12345,0.5024056665785948,0.0019481923885344462,5,-389.23697204703126,1.3069103671422752e-10,True,stat
protmamba,structure_secondary_structure_tape_ss3_processed_cb513_noflatten,protmamba_107M_195B,test_performance_1,sampling_seed-42,0.5000814153551641,0.001254713747954794,5,-608.5426894900929,2.187505926383961e-11,True,stat
protmamba,structure_secondary_structure_tape_ss3_processed_ts115_noflatten,protmamba_107M_195B,test_performance_1,sampling_seed-0,0.5011270498235103,0.0029903809697646075,5,-266.158586828522,5.977484480498447e-10,True,stat
protmamba,structure_secondary_structure_tape_ss3_processed_ts115_noflatten,protmamba_107M_195B,test_performance_1,sampling_seed-12345,0.5012796580503923,0.002893591101403283,5,-274.3843140935675,5.292314909500248e-10,True,stat
protmamba,structure_secondary_structure_tape_ss3_processed_ts115_noflatten,protmamba_107M_195B,test_performance_1,sampling_seed-42,0.4992696048234923,0.0046885315173629885,5,-170.64121252391493,3.537415837040844e-09,True,stat
protxlstm,annotation_scl_balanced_mean,protxlstm_102M_60B,test_performance_1,sampling_seed-0,0.6649627759791914,0.01826860547194685,5,-13.184285370560758,9.559154182193973e-05,True,stat
protxlstm,annotation_scl_balanced_mean,protxlstm_102M_60B,test_performance_1,sampling_seed-12345,0.6639332607828419,0.01859760296052281,5,-13.473155538030003,8.779306499833804e-05,True,stat
protxlstm,annotation_scl_balanced_mean,protxlstm_102M_60B,test_performance_1,sampling_seed-42,0.665662997424471,0.01921841405518172,5,-12.444758311602962,0.00011986934884409531,True,stat
protxlstm,annotation_scl_balanced_mean,protxlstm_26M_30B,test_performance_1,sampling_seed-0,0.6822529611226706,0.007342300981758852,5,-28.685495596473395,4.395025578896445e-06,True,stat
protxlstm,annotation_scl_balanced_mean,protxlstm_26M_30B,test_performance_1,sampling_seed-12345,0.6817479113803115,0.007284322522927875,5,-28.326646493646177,4.621052408985938e-06,True,stat
protxlstm,annotation_scl_balanced_mean,protxlstm_26M_30B,test_performance_1,sampling_seed-42,0.681968562161336,0.0070083142774630776,5,-30.06466363796498,3.645016153591071e-06,True,stat
protxlstm,evolution_remote_homology_tape_rh_processed_test-family-holdout_mean,protxlstm_102M_60B,test_performance_1,sampling_seed-0,0.0,0.0,5,,,,stat
protxlstm,evolution_remote_homology_tape_rh_processed_test-family-holdout_mean,protxlstm_102M_60B,test_performance_1,sampling_seed-12345,0.0,0.0,5,,,,stat
protxlstm,evolution_remote_homology_tape_rh_processed_test-family-holdout_mean,protxlstm_102M_60B,test_performance_1,sampling_seed-42,0.0,0.0,5,,,,stat
protxlstm,evolution_remote_homology_tape_rh_processed_test-fold-holdout_mean,protxlstm_102M_60B,test_performance_1,sampling_seed-0,0.0,0.0,5,,,,stat
protxlstm,evolution_remote_homology_tape_rh_processed_test-fold-holdout_mean,protxlstm_102M_60B,test_performance_1,sampling_seed-12345,0.0,0.0,5,,,,stat
protxlstm,evolution_remote_homology_tape_rh_processed_test-fold-holdout_mean,protxlstm_102M_60B,test_performance_1,sampling_seed-42,0.0,0.0,5,,,,stat
protxlstm,evolution_remote_homology_tape_rh_processed_test-superfamily-holdout_mean,protxlstm_102M_60B,test_performance_1,sampling_seed-0,0.0011164274322169058,0.0009092308015144641,5,0.784464540552736,0.7616896663635794,False,stat
protxlstm,evolution_remote_homology_tape_rh_processed_test-superfamily-holdout_mean,protxlstm_102M_60B,test_performance_1,sampling_seed-12345,0.0014354066985645933,0.0006671930036156902,5,-13.897584579446068,7.771776179937055e-05,True,stat
protxlstm,evolution_remote_homology_tape_rh_processed_test-superfamily-holdout_mean,protxlstm_102M_60B,test_performance_1,sampling_seed-42,0.0012759170653907496,0.0009092308015144641,5,1.1766968108291043,0.8477206076597326,False,stat
protxlstm,proeng_aav_low_vs_high_mean,protxlstm_102M_60B,test_performance_1,sampling_seed-0,0.9365689907771457,0.0019699031383720754,5,-1.8791243393719708,0.06670808263887326,False,stat
protxlstm,proeng_aav_low_vs_high_mean,protxlstm_102M_60B,test_performance_1,sampling_seed-12345,0.9365689907771457,0.0019699031383720754,5,-1.8819278169310882,0.06649232220077736,False,stat
protxlstm,proeng_aav_low_vs_high_mean,protxlstm_102M_60B,test_performance_1,sampling_seed-42,0.9365689907771457,0.0019699031383720754,5,-1.8791243393719708,0.06670808263887326,False,stat
protxlstm,proeng_aav_one_vs_many_mean,protxlstm_102M_60B,test_performance_1,sampling_seed-0,0.9705434386125246,0.0028865929010480455,5,-7.022307145354422,0.001083070883014491,True,stat
protxlstm,proeng_aav_one_vs_many_mean,protxlstm_102M_60B,test_performance_1,sampling_seed-12345,0.9705434386125246,0.0028865929010480455,5,-7.026926011840295,0.0010804041612310627,True,stat
protxlstm,proeng_aav_one_vs_many_mean,protxlstm_102M_60B,test_performance_1,sampling_seed-42,0.9705434386125246,0.0028865929010480455,5,-7.022307145354422,0.001083070883014491,True,stat
protxlstm,proeng_aav_two_vs_many_mean,protxlstm_102M_60B,test_performance_1,sampling_seed-0,0.981730741006597,0.001954754685226621,5,-1.5266276661490186,0.10077979863478087,False,stat
protxlstm,proeng_aav_two_vs_many_mean,protxlstm_102M_60B,test_performance_1,sampling_seed-12345,0.981730741006597,0.001954754685226621,5,-2.378501189608612,0.03805663304923685,True,stat
protxlstm,proeng_aav_two_vs_many_mean,protxlstm_102M_60B,test_performance_1,sampling_seed-42,0.981730741006597,0.001954754685226621,5,-1.5266276661490186,0.10077979863478087,False,stat
protxlstm,proeng_gb1_low_vs_high_mean,protxlstm_102M_60B,test_performance_1,sampling_seed-0,0.9166340649011214,0.0024194968218890296,5,-26.883381913709623,5.691019865901914e-06,True,stat
protxlstm,proeng_gb1_low_vs_high_mean,protxlstm_102M_60B,test_performance_1,sampling_seed-12345,0.9166340649011214,0.0024194968218890296,5,-26.883381913709623,5.691019865901914e-06,True,stat
protxlstm,proeng_gb1_low_vs_high_mean,protxlstm_102M_60B,test_performance_1,sampling_seed-42,0.9166340649011214,0.0024194968218890296,5,-26.883381913709623,5.691019865901914e-06,True,stat
protxlstm,proeng_gb1_low_vs_high_mean,protxlstm_26M_30B,test_performance_1,sampling_seed-0,0.9164365522482651,0.0035285225768122647,5,-12.05735059983315,0.0001356613758845572,True,stat
protxlstm,proeng_gb1_low_vs_high_mean,protxlstm_26M_30B,test_performance_1,sampling_seed-12345,0.9164365522482651,0.0035285225768122647,5,-12.05735059983315,0.0001356613758845572,True,stat
protxlstm,proeng_gb1_low_vs_high_mean,protxlstm_26M_30B,test_performance_1,sampling_seed-42,0.9164365522482651,0.0035285225768122647,5,-12.05735059983315,0.0001356613758845572,True,stat
protxlstm,proeng_gb1_one_vs_rest_mean,protxlstm_102M_60B,test_performance_1,sampling_seed-0,0.8562671620997515,0.0031629014321231962,5,-13.05345315896349,9.940676317198874e-05,True,stat
protxlstm,proeng_gb1_one_vs_rest_mean,protxlstm_102M_60B,test_performance_1,sampling_seed-12345,0.8562671620997515,0.0031629014321231962,5,-13.05345315896349,9.940676317198874e-05,True,stat
protxlstm,proeng_gb1_one_vs_rest_mean,protxlstm_102M_60B,test_performance_1,sampling_seed-42,0.8562671620997515,0.0031629014321231962,5,-13.05345315896349,9.940676317198874e-05,True,stat
protxlstm,proeng_gb1_one_vs_rest_mean,protxlstm_26M_30B,test_performance_1,sampling_seed-0,0.8600541939922847,0.0028043981721149656,5,-4.7934323815148465,0.0043448675600991585,True,stat
protxlstm,proeng_gb1_one_vs_rest_mean,protxlstm_26M_30B,test_performance_1,sampling_seed-12345,0.8600541939922847,0.0028043981721149656,5,-4.7934323815148465,0.0043448675600991585,True,stat
protxlstm,proeng_gb1_one_vs_rest_mean,protxlstm_26M_30B,test_performance_1,sampling_seed-42,0.8600541939922847,0.0028043981721149656,5,-4.7934323815148465,0.0043448675600991585,True,stat
protxlstm,proeng_gb1_two_vs_rest_mean,protxlstm_102M_60B,test_performance_1,sampling_seed-0,0.8596399541000315,0.008092578365465968,5,-0.11019654490788724,0.45878050625893974,False,stat
protxlstm,proeng_gb1_two_vs_rest_mean,protxlstm_102M_60B,test_performance_1,sampling_seed-12345,0.8596399541000315,0.008092578365465968,5,-0.11019654490788724,0.45878050625893974,False,stat
protxlstm,proeng_gb1_two_vs_rest_mean,protxlstm_102M_60B,test_performance_1,sampling_seed-42,0.8596399541000315,0.008092578365465968,5,-0.11019654490788724,0.45878050625893974,False,stat
protxlstm,proeng_gb1_two_vs_rest_mean,protxlstm_26M_30B,test_performance_1,sampling_seed-0,0.8426836900822607,0.007314930965037314,5,-1.205388639886445,0.1472416419579819,False,stat
protxlstm,proeng_gb1_two_vs_rest_mean,protxlstm_26M_30B,test_performance_1,sampling_seed-12345,0.8426836900822607,0.007314930965037314,5,-1.205388639886445,0.1472416419579819,False,stat
protxlstm,proeng_gb1_two_vs_rest_mean,protxlstm_26M_30B,test_performance_1,sampling_seed-42,0.8426836900822607,0.007314930965037314,5,-1.205388639886445,0.1472416419579819,False,stat
protxlstm,proeng_thermo_mixed_split_mean,protxlstm_102M_60B,test_performance_1,sampling_seed-0,0.9817235566610698,0.00043491238426204284,5,-49.006393340823635,5.186873941916023e-07,True,stat
protxlstm,proeng_thermo_mixed_split_mean,protxlstm_102M_60B,test_performance_1,sampling_seed-12345,0.9818702548010153,0.0002999588447908272,5,-71.94349373224223,1.118396967165004e-07,True,stat
protxlstm,proeng_thermo_mixed_split_mean,protxlstm_102M_60B,test_performance_1,sampling_seed-42,0.9815909639481862,0.00040489335156200377,5,-53.209328647309796,3.733775496861277e-07,True,stat
protxlstm,structure_secondary_structure_tape_ss3_processed_casp12_noflatten,protxlstm_102M_60B,test_performance_1,sampling_seed-0,0.6118364004011552,0.005601929974613188,5,-89.1881553737439,4.737275414636854e-08,True,stat
protxlstm,structure_secondary_structure_tape_ss3_processed_casp12_noflatten,protxlstm_102M_60B,test_performance_1,sampling_seed-12345,0.6115214650801548,0.005873761633409311,5,-84.99828199769495,5.7422225546270075e-08,True,stat
protxlstm,structure_secondary_structure_tape_ss3_processed_casp12_noflatten,protxlstm_102M_60B,test_performance_1,sampling_seed-42,0.6120924148834869,0.005747370813492746,5,-85.4745699279759,5.615356921267768e-08,True,stat
protxlstm,structure_secondary_structure_tape_ss3_processed_cb513_noflatten,protxlstm_102M_60B,test_performance_1,sampling_seed-0,0.6141864132697756,0.003388647460858411,5,-175.1882538176651,3.1842487577267512e-09,True,stat
protxlstm,structure_secondary_structure_tape_ss3_processed_cb513_noflatten,protxlstm_102M_60B,test_performance_1,sampling_seed-12345,0.6141685294717601,0.0035069705450046615,5,-168.79641278704554,3.6945946154375473e-09,True,stat
protxlstm,structure_secondary_structure_tape_ss3_processed_cb513_noflatten,protxlstm_102M_60B,test_performance_1,sampling_seed-42,0.6141470412751444,0.0035373427140414737,5,-167.85080712693374,3.778546409384602e-09,True,stat
protxlstm,structure_secondary_structure_tape_ss3_processed_ts115_noflatten,protxlstm_102M_60B,test_performance_1,sampling_seed-0,0.6179150868620683,0.006606479090495,5,-91.47657722247394,4.280906192316956e-08,True,stat
protxlstm,structure_secondary_structure_tape_ss3_processed_ts115_noflatten,protxlstm_102M_60B,test_performance_1,sampling_seed-12345,0.6179478232326097,0.006667186354145251,5,-90.73545840326076,4.42243555495651e-08,True,stat
protxlstm,structure_secondary_structure_tape_ss3_processed_ts115_noflatten,protxlstm_102M_60B,test_performance_1,sampling_seed-42,0.6179040920767085,0.006538692940831088,5,-92.50434977258575,4.093872939136714e-08,True,stat
poet,annotation_scl_balanced_mean,poet_201M,test_performance_2,sampling_seed-42,0.35428571428571426,0.003939156074831976,5,-121.787055783945,1.363080638697055e-08,True,rand
poet,evolution_remote_homology_tape_rh_processed_test-family-holdout_mean,poet_201M,test_performance_2,sampling_seed-42,0.0,0.0,5,,,,rand
poet,evolution_remote_homology_tape_rh_processed_test-fold-holdout_mean,poet_201M,test_performance_2,sampling_seed-42,0.0,0.0,5,,,,rand
poet,evolution_remote_homology_tape_rh_processed_test-superfamily-holdout_mean,poet_201M,test_performance_2,sampling_seed-42,0.0003189792663476874,0.0004367803488876923,5,1.632993161855452,0.9110960958218894,False,rand
poet,proeng_aav_low_vs_high_mean,poet_201M,test_performance_2,sampling_seed-42,0.02861788940972736,1.6043813539369974e-05,5,-52413.156649187134,3.975209191796402e-19,True,rand
poet,proeng_aav_one_vs_many_mean,poet_201M,test_performance_2,sampling_seed-42,0.2944629393977589,6.592211848245885e-06,5,-43932.10125920888,8.053661082070268e-19,True,rand
poet,proeng_aav_two_vs_many_mean,poet_201M,test_performance_2,sampling_seed-42,-0.09739254541804584,2.0176395163522497e-05,5,-58322.01819238687,2.592931703169644e-19,True,rand
poet,proeng_gb1_low_vs_high_mean,poet_201M,test_performance_2,sampling_seed-42,0.10898765202352396,1.3599607902295378e-06,5,-437971.0348440456,8.153417795701678e-23,True,rand
poet,proeng_gb1_one_vs_rest_mean,poet_201M,test_performance_2,sampling_seed-42,0.12515166160642313,0.010079294690247952,5,-67.34332403832134,1.4564812945414698e-07,True,rand
poet,proeng_gb1_two_vs_rest_mean,poet_201M,test_performance_2,sampling_seed-42,0.40679119035371925,0.007245462948090075,5,71.16489576763757,0.9999998831882556,False,rand
poet,proeng_thermo_mixed_split_mean,poet_201M,test_performance_2,sampling_seed-42,0.2923192083512306,3.221371712025e-06,5,-254157.77896197358,7.189648000869986e-22,True,rand
poet,structure_secondary_structure_tape_ss3_processed_casp12_noflatten,poet_201M,test_performance_2,sampling_seed-42,0.4906284454244763,0.0,5,-inf,0.0,True,rand
poet,structure_secondary_structure_tape_ss3_processed_cb513_noflatten,poet_201M,test_performance_2,sampling_seed-42,0.4861388196176226,0.0,5,-inf,0.0,True,rand
poet,structure_secondary_structure_tape_ss3_processed_ts115_noflatten,poet_201M,test_performance_2,sampling_seed-42,0.5086856988957716,0.0,5,-inf,0.0,True,rand
protmamba,annotation_scl_balanced_mean,protmamba_107M_195B,test_performance_2,sampling_seed-0,0.2597402597402597,0.0018366409900949293,5,-234.00854685246,1.000325880793341e-09,True,rand
protmamba,annotation_scl_balanced_mean,protmamba_107M_195B,test_performance_2,sampling_seed-12345,0.2597402597402597,0.0018366409900949293,5,-164.43843832875572,4.102048710724426e-09,True,rand
protmamba,annotation_scl_balanced_mean,protmamba_107M_195B,test_performance_2,sampling_seed-42,0.2597402597402597,0.0018366409900949293,5,-227.68399153212326,1.116183042953971e-09,True,rand
protmamba,evolution_remote_homology_tape_rh_processed_test-family-holdout_mean,protmamba_107M_195B,test_performance_2,sampling_seed-0,0.0,0.0,5,-inf,0.0,True,rand
protmamba,evolution_remote_homology_tape_rh_processed_test-family-holdout_mean,protmamba_107M_195B,test_performance_2,sampling_seed-12345,0.0,0.0,5,-inf,0.0,True,rand
protmamba,evolution_remote_homology_tape_rh_processed_test-family-holdout_mean,protmamba_107M_195B,test_performance_2,sampling_seed-42,0.0,0.0,5,-inf,0.0,True,rand
protmamba,evolution_remote_homology_tape_rh_processed_test-fold-holdout_mean,protmamba_107M_195B,test_performance_2,sampling_seed-0,0.0,0.0,5,,,,rand
protmamba,evolution_remote_homology_tape_rh_processed_test-fold-holdout_mean,protmamba_107M_195B,test_performance_2,sampling_seed-12345,0.0,0.0,5,,,,rand
protmamba,evolution_remote_homology_tape_rh_processed_test-fold-holdout_mean,protmamba_107M_195B,test_performance_2,sampling_seed-42,0.0,0.0,5,,,,rand
protmamba,evolution_remote_homology_tape_rh_processed_test-superfamily-holdout_mean,protmamba_107M_195B,test_performance_2,sampling_seed-0,0.0001594896331738437,0.00035662966148322005,5,1.0,0.8130495168499705,False,rand
protmamba,evolution_remote_homology_tape_rh_processed_test-superfamily-holdout_mean,protmamba_107M_195B,test_performance_2,sampling_seed-12345,0.0,0.0,5,-inf,0.0,True,rand
protmamba,evolution_remote_homology_tape_rh_processed_test-superfamily-holdout_mean,protmamba_107M_195B,test_performance_2,sampling_seed-42,0.0,0.0,5,-inf,0.0,True,rand
protmamba,proeng_aav_low_vs_high_mean,protmamba_107M_195B,test_performance_2,sampling_seed-0,0.22500900170388075,0.014346350700858155,5,-14.573289950172457,6.447328420362947e-05,True,rand
protmamba,proeng_aav_low_vs_high_mean,protmamba_107M_195B,test_performance_2,sampling_seed-12345,0.22500753665565698,0.014348848243009011,5,-14.570981649328543,6.45135184401443e-05,True,rand
protmamba,proeng_aav_low_vs_high_mean,protmamba_107M_195B,test_performance_2,sampling_seed-42,0.22501024717443432,0.014345774692947098,5,-14.573680962411233,6.446647186386327e-05,True,rand
protmamba,proeng_aav_one_vs_many_mean,protmamba_107M_195B,test_performance_2,sampling_seed-0,0.2331107231035939,0.043117607364804224,5,-16.47904105727818,3.970144176188443e-05,True,rand
protmamba,proeng_aav_one_vs_many_mean,protmamba_107M_195B,test_performance_2,sampling_seed-12345,0.2330635040541365,0.043173981718641,5,-16.4599691474321,3.9883528839038144e-05,True,rand
protmamba,proeng_aav_one_vs_many_mean,protmamba_107M_195B,test_performance_2,sampling_seed-42,0.23307966110160266,0.043190463367549004,5,-16.452851472255563,3.995175086097353e-05,True,rand
protmamba,proeng_aav_two_vs_many_mean,protmamba_107M_195B,test_performance_2,sampling_seed-0,0.3818936826546592,0.06839401092869626,5,-4.837972577392713,0.004206222751346283,True,rand
protmamba,proeng_aav_two_vs_many_mean,protmamba_107M_195B,test_performance_2,sampling_seed-12345,0.3818779755010267,0.0683774075780366,5,-4.839660983293562,0.004201073770478171,True,rand
protmamba,proeng_aav_two_vs_many_mean,protmamba_107M_195B,test_performance_2,sampling_seed-42,0.3819330918183934,0.06842606385727786,5,-4.834418481996311,0.0042170864705051115,True,rand
protmamba,proeng_gb1_low_vs_high_mean,protmamba_107M_195B,test_performance_2,sampling_seed-0,0.3158904083091233,0.01149338243243309,5,-17.526889292090228,3.11125170096691e-05,True,rand
protmamba,proeng_gb1_low_vs_high_mean,protmamba_107M_195B,test_performance_2,sampling_seed-12345,0.3158904083091233,0.01149338243243309,5,-17.526889292090228,3.11125170096691e-05,True,rand
protmamba,proeng_gb1_low_vs_high_mean,protmamba_107M_195B,test_performance_2,sampling_seed-42,0.3158904083091233,0.01149338243243309,5,-17.526889292090228,3.11125170096691e-05,True,rand
protmamba,proeng_gb1_one_vs_rest_mean,protmamba_107M_195B,test_performance_2,sampling_seed-0,0.21539427606413913,0.03627729150800712,5,7.264405940824193,0.9990464240533717,False,rand
protmamba,proeng_gb1_one_vs_rest_mean,protmamba_107M_195B,test_performance_2,sampling_seed-12345,0.21539427606413913,0.03627729150800712,5,7.264405940824193,0.9990464240533717,False,rand
protmamba,proeng_gb1_one_vs_rest_mean,protmamba_107M_195B,test_performance_2,sampling_seed-42,0.21539427606413913,0.03627729150800712,5,7.264405940824193,0.9990464240533717,False,rand
protmamba,proeng_gb1_two_vs_rest_mean,protmamba_107M_195B,test_performance_2,sampling_seed-0,-0.08980607443850668,0.03739339850040738,5,-10.755868593079954,0.00021179620543474418,True,rand
protmamba,proeng_gb1_two_vs_rest_mean,protmamba_107M_195B,test_performance_2,sampling_seed-12345,-0.08980607443850668,0.03739339850040738,5,-10.755868593079954,0.00021179620543474418,True,rand
protmamba,proeng_gb1_two_vs_rest_mean,protmamba_107M_195B,test_performance_2,sampling_seed-42,-0.08980607443850668,0.03739339850040738,5,-10.755868593079954,0.00021179620543474418,True,rand
protmamba,proeng_thermo_mixed_split_mean,protmamba_107M_195B,test_performance_2,sampling_seed-0,0.3087955723424907,0.014235181472445128,5,-36.826013747422905,1.6231942383991237e-06,True,rand
protmamba,proeng_thermo_mixed_split_mean,protmamba_107M_195B,test_performance_2,sampling_seed-12345,0.30863723876223287,0.012652888183352735,5,-43.87820503674956,8.065355573698109e-07,True,rand
protmamba,proeng_thermo_mixed_split_mean,protmamba_107M_195B,test_performance_2,sampling_seed-42,0.3084526169204801,0.014221597647148962,5,-39.165424334678335,1.2694767823550423e-06,True,rand
protmamba,structure_secondary_structure_tape_ss3_processed_casp12_noflatten,protmamba_107M_195B,test_performance_2,sampling_seed-0,0.492585446527012,0.005917630632144019,5,-59.2523805931495,2.429258982112236e-07,True,rand
protmamba,structure_secondary_structure_tape_ss3_processed_casp12_noflatten,protmamba_107M_195B,test_performance_2,sampling_seed-12345,0.49286108048511573,0.006133552355645142,5,-55.00604757528125,3.2698150432320854e-07,True,rand
protmamba,structure_secondary_structure_tape_ss3_processed_casp12_noflatten,protmamba_107M_195B,test_performance_2,sampling_seed-42,0.49255788313120175,0.005748801988592676,5,-58.26931626843409,2.5972234415633087e-07,True,rand
protmamba,structure_secondary_structure_tape_ss3_processed_cb513_noflatten,protmamba_107M_195B,test_performance_2,sampling_seed-0,0.481293987254087,0.002132298527441713,5,-205.59539662581653,1.6788009880063654e-09,True,rand
protmamba,structure_secondary_structure_tape_ss3_processed_cb513_noflatten,protmamba_107M_195B,test_performance_2,sampling_seed-12345,0.48131061235799394,0.0020743708350999287,5,-208.29464108288332,1.593463567248963e-09,True,rand
protmamba,structure_secondary_structure_tape_ss3_processed_cb513_noflatten,protmamba_107M_195B,test_performance_2,sampling_seed-42,0.4813992795788307,0.0019989495898051993,5,-217.5267824660834,1.3397048351505005e-09,True,rand
protmamba,structure_secondary_structure_tape_ss3_processed_ts115_noflatten,protmamba_107M_195B,test_performance_2,sampling_seed-0,0.49860624831672506,0.0018056763039980457,5,-246.4452854336178,8.131890609930105e-10,True,rand
protmamba,structure_secondary_structure_tape_ss3_processed_ts115_noflatten,protmamba_107M_195B,test_performance_2,sampling_seed-12345,0.4986197145165634,0.0018264890960214648,5,-238.26264105386906,9.307787278002102e-10,True,rand
protmamba,structure_secondary_structure_tape_ss3_processed_ts115_noflatten,protmamba_107M_195B,test_performance_2,sampling_seed-42,0.4986668462159979,0.0018363287974462411,5,-238.07638396508088,9.336947242496396e-10,True,rand
protxlstm,annotation_scl_balanced_mean,protxlstm_102M_60B,test_performance_2,sampling_seed-0,0.3605194805194806,0.014391579404877997,5,-7.748489397804106,0.0007473173903990026,True,rand
protxlstm,annotation_scl_balanced_mean,protxlstm_102M_60B,test_performance_2,sampling_seed-12345,0.3563636363636363,0.009436832272511667,5,-12.801515061850612,0.0001073029973495093,True,rand
protxlstm,annotation_scl_balanced_mean,protxlstm_102M_60B,test_performance_2,sampling_seed-42,0.36,0.013694988391131504,5,-7.803338153055735,0.0007275902410272039,True,rand
protxlstm,annotation_scl_balanced_mean,protxlstm_26M_30B,test_performance_2,sampling_seed-0,0.34597402597402593,0.00849632583573825,5,-25.839548041532264,6.6628135843614486e-06,True,rand
protxlstm,annotation_scl_balanced_mean,protxlstm_26M_30B,test_performance_2,sampling_seed-12345,0.3464935064935065,0.010486560643213691,5,-20.27086518775462,1.7483109473533617e-05,True,rand
protxlstm,annotation_scl_balanced_mean,protxlstm_26M_30B,test_performance_2,sampling_seed-42,0.34805194805194806,0.009890614423199884,5,-21.727148122044014,1.3274003018737224e-05,True,rand
protxlstm,evolution_remote_homology_tape_rh_processed_test-family-holdout_mean,protxlstm_102M_60B,test_performance_2,sampling_seed-0,0.0,0.0,5,,,,rand
protxlstm,evolution_remote_homology_tape_rh_processed_test-family-holdout_mean,protxlstm_102M_60B,test_performance_2,sampling_seed-12345,0.0,0.0,5,,,,rand
protxlstm,evolution_remote_homology_tape_rh_processed_test-family-holdout_mean,protxlstm_102M_60B,test_performance_2,sampling_seed-42,0.0,0.0,5,,,,rand
protxlstm,evolution_remote_homology_tape_rh_processed_test-fold-holdout_mean,protxlstm_102M_60B,test_performance_2,sampling_seed-0,0.0,0.0,5,,,,rand
protxlstm,evolution_remote_homology_tape_rh_processed_test-fold-holdout_mean,protxlstm_102M_60B,test_performance_2,sampling_seed-12345,0.0,0.0,5,,,,rand
protxlstm,evolution_remote_homology_tape_rh_processed_test-fold-holdout_mean,protxlstm_102M_60B,test_performance_2,sampling_seed-42,0.0,0.0,5,,,,rand
protxlstm,evolution_remote_homology_tape_rh_processed_test-superfamily-holdout_mean,protxlstm_102M_60B,test_performance_2,sampling_seed-0,0.0001594896331738437,0.00035662966148322005,5,1.0,0.8130495168499705,False,rand
protxlstm,evolution_remote_homology_tape_rh_processed_test-superfamily-holdout_mean,protxlstm_102M_60B,test_performance_2,sampling_seed-12345,0.0001594896331738437,0.00035662966148322005,5,-14.0,7.550570111090027e-05,True,rand
protxlstm,evolution_remote_homology_tape_rh_processed_test-superfamily-holdout_mean,protxlstm_102M_60B,test_performance_2,sampling_seed-42,0.0001594896331738437,0.00035662966148322005,5,1.0,0.8130495168499705,False,rand
protxlstm,proeng_aav_low_vs_high_mean,protxlstm_102M_60B,test_performance_2,sampling_seed-0,0.23345311495701182,0.01565908768961869,5,-14.942509475060294,5.8421126616111843e-05,True,rand
protxlstm,proeng_aav_low_vs_high_mean,protxlstm_102M_60B,test_performance_2,sampling_seed-12345,0.23345311495701182,0.01565908768961869,5,-14.90278623096481,5.903725425491081e-05,True,rand
protxlstm,proeng_aav_low_vs_high_mean,protxlstm_102M_60B,test_performance_2,sampling_seed-42,0.23345311495701182,0.01565908768961869,5,-14.942509475060294,5.8421126616111843e-05,True,rand
protxlstm,proeng_aav_one_vs_many_mean,protxlstm_102M_60B,test_performance_2,sampling_seed-0,0.23216228522918653,0.05647074962081449,5,-10.007869220331141,0.00028014731831299365,True,rand
protxlstm,proeng_aav_one_vs_many_mean,protxlstm_102M_60B,test_performance_2,sampling_seed-12345,0.23216228522918653,0.05647074962081449,5,-10.011521734352865,0.0002797518001881488,True,rand
protxlstm,proeng_aav_one_vs_many_mean,protxlstm_102M_60B,test_performance_2,sampling_seed-42,0.23216228522918653,0.05647074962081449,5,-10.007869220331141,0.00028014731831299365,True,rand
protxlstm,proeng_aav_two_vs_many_mean,protxlstm_102M_60B,test_performance_2,sampling_seed-0,0.4782119532174214,0.01682018264588535,5,-19.19651032837368,2.1697806604189544e-05,True,rand
protxlstm,proeng_aav_two_vs_many_mean,protxlstm_102M_60B,test_performance_2,sampling_seed-12345,0.4782119532174214,0.01682018264588535,5,-20.92004800119652,1.5427081436218727e-05,True,rand
protxlstm,proeng_aav_two_vs_many_mean,protxlstm_102M_60B,test_performance_2,sampling_seed-42,0.4782119532174214,0.01682018264588535,5,-19.19651032837368,2.1697806604189544e-05,True,rand
protxlstm,proeng_gb1_low_vs_high_mean,protxlstm_102M_60B,test_performance_2,sampling_seed-0,0.27131566561316295,0.026066856625951696,5,-15.585397324775517,4.947927331563605e-05,True,rand
protxlstm,proeng_gb1_low_vs_high_mean,protxlstm_102M_60B,test_performance_2,sampling_seed-12345,0.27131566561316295,0.026066856625951696,5,-15.585397324775517,4.947927331563605e-05,True,rand
protxlstm,proeng_gb1_low_vs_high_mean,protxlstm_102M_60B,test_performance_2,sampling_seed-42,0.27131566561316295,0.026066856625951696,5,-15.585397324775517,4.947927331563605e-05,True,rand
protxlstm,proeng_gb1_low_vs_high_mean,protxlstm_26M_30B,test_performance_2,sampling_seed-0,0.2668414777661745,0.02109085853837285,5,-15.844465208237324,4.6362321476416655e-05,True,rand
protxlstm,proeng_gb1_low_vs_high_mean,protxlstm_26M_30B,test_performance_2,sampling_seed-12345,0.2668414777661745,0.02109085853837285,5,-15.844465208237324,4.6362321476416655e-05,True,rand
protxlstm,proeng_gb1_low_vs_high_mean,protxlstm_26M_30B,test_performance_2,sampling_seed-42,0.2668414777661745,0.02109085853837285,5,-15.844465208237324,4.6362321476416655e-05,True,rand
protxlstm,proeng_gb1_one_vs_rest_mean,protxlstm_102M_60B,test_performance_2,sampling_seed-0,0.1534834679413472,0.03611675410325892,5,-9.972788138635991,0.0002839817168457681,True,rand
protxlstm,proeng_gb1_one_vs_rest_mean,protxlstm_102M_60B,test_performance_2,sampling_seed-12345,0.1534834679413472,0.03611675410325892,5,-9.972788138635991,0.0002839817168457681,True,rand
protxlstm,proeng_gb1_one_vs_rest_mean,protxlstm_102M_60B,test_performance_2,sampling_seed-42,0.1534834679413472,0.03611675410325892,5,-9.972788138635991,0.0002839817168457681,True,rand
protxlstm,proeng_gb1_one_vs_rest_mean,protxlstm_26M_30B,test_performance_2,sampling_seed-0,0.15139756778515112,0.05075717103740489,5,-1.4422322698864072,0.11134935421984883,False,rand
protxlstm,proeng_gb1_one_vs_rest_mean,protxlstm_26M_30B,test_performance_2,sampling_seed-12345,0.15139756778515112,0.05075717103740489,5,-1.4422322698864072,0.11134935421984883,False,rand
protxlstm,proeng_gb1_one_vs_rest_mean,protxlstm_26M_30B,test_performance_2,sampling_seed-42,0.15139756778515112,0.05075717103740489,5,-1.4422322698864072,0.11134935421984883,False,rand
protxlstm,proeng_gb1_two_vs_rest_mean,protxlstm_102M_60B,test_performance_2,sampling_seed-0,0.04127412539772832,0.09624714010242637,5,-4.2922498269447775,0.0063617255819941034,True,rand
protxlstm,proeng_gb1_two_vs_rest_mean,protxlstm_102M_60B,test_performance_2,sampling_seed-12345,0.04127412539772832,0.09624714010242637,5,-4.2922498269447775,0.0063617255819941034,True,rand
protxlstm,proeng_gb1_two_vs_rest_mean,protxlstm_102M_60B,test_performance_2,sampling_seed-42,0.04127412539772832,0.09624714010242637,5,-4.2922498269447775,0.0063617255819941034,True,rand
protxlstm,proeng_gb1_two_vs_rest_mean,protxlstm_26M_30B,test_performance_2,sampling_seed-0,0.025685305925859114,0.08896390383964255,5,-4.693648287766809,0.00467618766366835,True,rand
protxlstm,proeng_gb1_two_vs_rest_mean,protxlstm_26M_30B,test_performance_2,sampling_seed-12345,0.025685305925859114,0.08896390383964255,5,-4.693648287766809,0.00467618766366835,True,rand
protxlstm,proeng_gb1_two_vs_rest_mean,protxlstm_26M_30B,test_performance_2,sampling_seed-42,0.025685305925859114,0.08896390383964255,5,-4.693648287766809,0.00467618766366835,True,rand
protxlstm,proeng_thermo_mixed_split_mean,protxlstm_102M_60B,test_performance_2,sampling_seed-0,0.31774981995512885,0.008195214690340739,5,-76.7046300771817,8.65651328090983e-08,True,rand
protxlstm,proeng_thermo_mixed_split_mean,protxlstm_102M_60B,test_performance_2,sampling_seed-12345,0.3189733795509537,0.008488225013081942,5,-71.78898368684416,1.1280502568207575e-07,True,rand
protxlstm,proeng_thermo_mixed_split_mean,protxlstm_102M_60B,test_performance_2,sampling_seed-42,0.3184921815963744,0.00827901162691209,5,-73.45873911015231,1.0289896866032117e-07,True,rand
protxlstm,structure_secondary_structure_tape_ss3_processed_casp12_noflatten,protxlstm_102M_60B,test_performance_2,sampling_seed-0,0.5132028665931643,0.00103316785082643,5,-367.23617154897516,1.6493695847297246e-10,True,rand
protxlstm,structure_secondary_structure_tape_ss3_processed_casp12_noflatten,protxlstm_102M_60B,test_performance_2,sampling_seed-12345,0.5127342888643881,0.0009016222289854741,5,-425.3955223874381,9.160804144013273e-11,True,rand
protxlstm,structure_secondary_structure_tape_ss3_processed_casp12_noflatten,protxlstm_102M_60B,test_performance_2,sampling_seed-42,0.5127618522601984,0.0016669588880053516,5,-223.76479204724203,1.1964551303185781e-09,True,rand
protxlstm,structure_secondary_structure_tape_ss3_processed_casp12_noflatten,protxlstm_26M_30B,test_performance_2,sampling_seed-0,0.499242006615215,0.006724141111062826,2,-30.391304347826022,0.010469938403242209,True,rand
protxlstm,structure_secondary_structure_tape_ss3_processed_casp12_noflatten,protxlstm_26M_30B,test_performance_2,sampling_seed-12345,0.4991730981256891,0.007601202995114513,2,-26.666666666666558,0.011931030157213956,True,rand
protxlstm,structure_secondary_structure_tape_ss3_processed_casp12_noflatten,protxlstm_26M_30B,test_performance_2,sampling_seed-42,0.5002756339581036,0.006059246950656198,3,-41.246906482317975,0.0002936327820408909,True,rand
protxlstm,structure_secondary_structure_tape_ss3_processed_cb513_noflatten,protxlstm_102M_60B,test_performance_2,sampling_seed-0,0.5081920199501246,0.0012587048468388612,5,-398.9383626107083,1.1843494414190258e-10,True,rand
protxlstm,structure_secondary_structure_tape_ss3_processed_cb513_noflatten,protxlstm_102M_60B,test_performance_2,sampling_seed-12345,0.5081906345247991,0.0013470776912641448,5,-371.82607256220683,1.5694264071141294e-10,True,rand
protxlstm,structure_secondary_structure_tape_ss3_processed_cb513_noflatten,protxlstm_102M_60B,test_performance_2,sampling_seed-42,0.5082197284566362,0.0013213900312855852,5,-379.9311422361972,1.4397318886232555e-10,True,rand
protxlstm,structure_secondary_structure_tape_ss3_processed_cb513_noflatten,protxlstm_26M_30B,test_performance_2,sampling_seed-0,0.49260182876142977,0.0006661576769282886,2,-407.79411764707044,0.0007805636088722808,True,rand
protxlstm,structure_secondary_structure_tape_ss3_processed_cb513_noflatten,protxlstm_26M_30B,test_performance_2,sampling_seed-12345,0.492203518980327,0.0013176206992185134,2,-205.93680297397404,0.001545655656368041,True,rand
protxlstm,structure_secondary_structure_tape_ss3_processed_cb513_noflatten,protxlstm_26M_30B,test_performance_2,sampling_seed-42,0.4915373603029463,0.0008826674389535178,3,-377.4198637277921,3.510071184901621e-06,True,rand
protxlstm,structure_secondary_structure_tape_ss3_processed_ts115_noflatten,protxlstm_102M_60B,test_performance_2,sampling_seed-0,0.5211957985456503,0.0026878270072373906,5,-188.02312944413885,2.3999061275197008e-09,True,rand
protxlstm,structure_secondary_structure_tape_ss3_processed_ts115_noflatten,protxlstm_102M_60B,test_performance_2,sampling_seed-12345,0.5210207379477512,0.0028395606631116312,5,-178.64406497951754,2.944938081100189e-09,True,rand
protxlstm,structure_secondary_structure_tape_ss3_processed_ts115_noflatten,protxlstm_102M_60B,test_performance_2,sampling_seed-42,0.5212159978454081,0.0027799427710608797,5,-181.7224177654276,2.750423432474531e-09,True,rand
protxlstm,structure_secondary_structure_tape_ss3_processed_ts115_noflatten,protxlstm_26M_30B,test_performance_2,sampling_seed-0,0.5089550228925397,0.0007141530916912332,2,-374.4666666666673,0.0008500332816199466,True,rand
protxlstm,structure_secondary_structure_tape_ss3_processed_ts115_noflatten,protxlstm_26M_30B,test_performance_2,sampling_seed-12345,0.5083153784002155,0.0012854755650442355,2,-207.5555555555534,0.001533601075578438,True,rand
protxlstm,structure_secondary_structure_tape_ss3_processed_ts115_noflatten,protxlstm_26M_30B,test_performance_2,sampling_seed-42,0.5068789837507856,0.003971149758834025,3,-83.67634082949232,7.139562766116773e-05,True,rand
poet,annotation_scl_balanced_mean,poet_201M,test_performance_2,sampling_seed-42,0.3984415584415585,0.008535935961119475,5,-44.63514642404899,7.532888684651414e-07,True,stat
poet,evolution_remote_homology_tape_rh_processed_test-family-holdout_mean,poet_201M,test_performance_2,sampling_seed-42,0.0,0.0,5,,,,stat
poet,evolution_remote_homology_tape_rh_processed_test-fold-holdout_mean,poet_201M,test_performance_2,sampling_seed-42,0.0,0.0,5,,,,stat
poet,evolution_remote_homology_tape_rh_processed_test-superfamily-holdout_mean,poet_201M,test_performance_2,sampling_seed-42,0.0,0.0,5,,,,stat
poet,proeng_aav_low_vs_high_mean,poet_201M,test_performance_2,sampling_seed-42,0.14243182032499527,0.007234188083941547,5,-81.06109755123175,6.941140581568173e-08,True,stat
poet,proeng_aav_one_vs_many_mean,poet_201M,test_performance_2,sampling_seed-42,0.18341029841539475,0.1287075710740578,5,-4.179481970390202,0.006962063864397804,True,stat
poet,proeng_aav_two_vs_many_mean,poet_201M,test_performance_2,sampling_seed-42,0.08898254494064804,0.13851437668992678,5,-5.48665584461536,0.0026875146524828358,True,stat
poet,proeng_gb1_low_vs_high_mean,poet_201M,test_performance_2,sampling_seed-42,0.2953656357224662,0.020083103128393533,5,-8.906471895326169,0.00043919080951650683,True,stat
poet,proeng_gb1_one_vs_rest_mean,poet_201M,test_performance_2,sampling_seed-42,0.1283154432466919,0.015794405529314083,5,-42.527639064530405,9.137702316550725e-07,True,stat
poet,proeng_gb1_two_vs_rest_mean,poet_201M,test_performance_2,sampling_seed-42,0.34679166544074863,0.07089956201481326,5,5.380281461912505,0.9971162250771703,False,stat
poet,proeng_thermo_mixed_split_mean,poet_201M,test_performance_2,sampling_seed-42,0.46846347259587395,0.00854025291258596,5,-49.74865910766665,4.884575099687817e-07,True,stat
poet,structure_secondary_structure_tape_ss3_processed_casp12_noflatten,poet_201M,test_performance_2,sampling_seed-42,0.5576901874310916,0.003450382320460012,5,-143.56364366727647,7.059970755788633e-09,True,stat
poet,structure_secondary_structure_tape_ss3_processed_cb513_noflatten,poet_201M,test_performance_2,sampling_seed-42,0.5287766694375173,0.0011258381679158714,5,-589.9220847893918,2.477047386841249e-11,True,stat
poet,structure_secondary_structure_tape_ss3_processed_ts115_noflatten,poet_201M,test_performance_2,sampling_seed-42,0.5726972798276326,0.0022719348912512956,5,-260.61898049006044,6.50211225591289e-10,True,stat
protmamba,annotation_scl_balanced_mean,protmamba_107M_195B,test_performance_2,sampling_seed-0,0.1807792207792208,0.01226568202921309,5,-49.434832765803485,5.009624279834984e-07,True,stat
protmamba,annotation_scl_balanced_mean,protmamba_107M_195B,test_performance_2,sampling_seed-12345,0.19220779220779222,0.02551543208362143,5,-17.75480669063343,2.9561619825117366e-05,True,stat
protmamba,annotation_scl_balanced_mean,protmamba_107M_195B,test_performance_2,sampling_seed-42,0.17714285714285713,0.02073046227452979,5,-29.08122118191928,4.16154841586775e-06,True,stat
protmamba,evolution_remote_homology_tape_rh_processed_test-family-holdout_mean,protmamba_107M_195B,test_performance_2,sampling_seed-0,0.00015723270440251574,0.00035158301533015564,5,-28.999999999999996,4.208180907288916e-06,True,stat
protmamba,evolution_remote_homology_tape_rh_processed_test-family-holdout_mean,protmamba_107M_195B,test_performance_2,sampling_seed-12345,0.00047169811320754723,0.0007031660306603113,5,-16.0,4.4608271190530465e-05,True,stat
protmamba,evolution_remote_homology_tape_rh_processed_test-family-holdout_mean,protmamba_107M_195B,test_performance_2,sampling_seed-42,0.00047169811320754723,0.00043059949489399855,5,-17.962924780409974,2.8228831104340617e-05,True,stat
protmamba,evolution_remote_homology_tape_rh_processed_test-fold-holdout_mean,protmamba_107M_195B,test_performance_2,sampling_seed-0,0.001392757660167131,0.0009848283860536874,5,3.162277660168379,0.9829452884162952,False,stat
protmamba,evolution_remote_homology_tape_rh_processed_test-fold-holdout_mean,protmamba_107M_195B,test_performance_2,sampling_seed-12345,0.0002785515320334262,0.0006228601608634512,5,1.0,0.8130495168499705,False,stat
protmamba,evolution_remote_homology_tape_rh_processed_test-fold-holdout_mean,protmamba_107M_195B,test_performance_2,sampling_seed-42,0.0008356545961002786,0.0012457203217269024,5,1.5,0.896,False,stat
protmamba,evolution_remote_homology_tape_rh_processed_test-superfamily-holdout_mean,protmamba_107M_195B,test_performance_2,sampling_seed-0,0.0007974481658692184,0.0007974481658692185,5,2.2360679774997894,0.9554953287499571,False,stat
protmamba,evolution_remote_homology_tape_rh_processed_test-superfamily-holdout_mean,protmamba_107M_195B,test_performance_2,sampling_seed-12345,0.001435406698564593,0.0010397452001918099,5,1.37198868114007,0.8790092347159896,False,stat
protmamba,evolution_remote_homology_tape_rh_processed_test-superfamily-holdout_mean,protmamba_107M_195B,test_performance_2,sampling_seed-42,0.0014354066985645933,0.0006671930036156902,5,2.138089935299395,0.9503496583931367,False,stat
protmamba,proeng_aav_low_vs_high_mean,protmamba_107M_195B,test_performance_2,sampling_seed-0,0.21438928514359365,0.024397811242728835,5,-9.54265668771555,0.00033674407584392493,True,stat
protmamba,proeng_aav_low_vs_high_mean,protmamba_107M_195B,test_performance_2,sampling_seed-12345,0.21438928514359365,0.024397811242728835,5,-9.54265668771555,0.00033674407584392493,True,stat
protmamba,proeng_aav_low_vs_high_mean,protmamba_107M_195B,test_performance_2,sampling_seed-42,0.21438928514359365,0.024397811242728835,5,-9.54265668771555,0.00033674407584392493,True,stat
protmamba,proeng_aav_one_vs_many_mean,protmamba_107M_195B,test_performance_2,sampling_seed-0,0.10729026910916131,0.04835758525369429,5,-20.511361453307273,1.6683709884017213e-05,True,stat
protmamba,proeng_aav_one_vs_many_mean,protmamba_107M_195B,test_performance_2,sampling_seed-12345,0.10729026910916131,0.04835758525369429,5,-20.511361453307273,1.6683709884017213e-05,True,stat
protmamba,proeng_aav_one_vs_many_mean,protmamba_107M_195B,test_performance_2,sampling_seed-42,0.10729026910916131,0.04835758525369429,5,-20.511361453307273,1.6683709884017213e-05,True,stat
protmamba,proeng_aav_two_vs_many_mean,protmamba_107M_195B,test_performance_2,sampling_seed-0,0.484779359288433,0.03381298909449551,5,-2.9819600445547167,0.020329980074876013,True,stat
protmamba,proeng_aav_two_vs_many_mean,protmamba_107M_195B,test_performance_2,sampling_seed-12345,0.484779359288433,0.03381298909449551,5,-2.9819600445547167,0.020329980074876013,True,stat
protmamba,proeng_aav_two_vs_many_mean,protmamba_107M_195B,test_performance_2,sampling_seed-42,0.484779359288433,0.03381298909449551,5,-2.9819600445547167,0.020329980074876013,True,stat
protmamba,proeng_gb1_low_vs_high_mean,protmamba_107M_195B,test_performance_2,sampling_seed-0,0.05464510650776686,0.03423687797329234,5,-22.94617797008329,1.0685648553893035e-05,True,stat
protmamba,proeng_gb1_low_vs_high_mean,protmamba_107M_195B,test_performance_2,sampling_seed-12345,0.05464549536553328,0.03423660017034021,5,-22.946338763022826,1.068535092727378e-05,True,stat
protmamba,proeng_gb1_low_vs_high_mean,protmamba_107M_195B,test_performance_2,sampling_seed-42,0.0548503855831788,0.03401597736404172,5,-23.081696837504055,1.0438432929577225e-05,True,stat
protmamba,proeng_gb1_one_vs_rest_mean,protmamba_107M_195B,test_performance_2,sampling_seed-0,0.04811924493460612,0.017524922884604523,5,-6.3056122599734366,0.0016169232961557127,True,stat
protmamba,proeng_gb1_one_vs_rest_mean,protmamba_107M_195B,test_performance_2,sampling_seed-12345,0.048118957839203565,0.0175248816755499,5,-6.305663718988846,0.0016168745519636579,True,stat
protmamba,proeng_gb1_one_vs_rest_mean,protmamba_107M_195B,test_performance_2,sampling_seed-42,0.04811988493638471,0.017524289807954112,5,-6.305758391339316,0.0016167848789630961,True,stat
protmamba,proeng_gb1_two_vs_rest_mean,protmamba_107M_195B,test_performance_2,sampling_seed-0,0.0721280800209966,0.04229547574106197,5,-0.9481558622054127,0.19836984526053392,False,stat
protmamba,proeng_gb1_two_vs_rest_mean,protmamba_107M_195B,test_performance_2,sampling_seed-12345,0.07212731086358491,0.04229503851884364,5,-0.9482063277716372,0.19835844545887263,False,stat
protmamba,proeng_gb1_two_vs_rest_mean,protmamba_107M_195B,test_performance_2,sampling_seed-42,0.07212816201788125,0.04229533988691166,5,-0.9481545727087652,0.19837013655567323,False,stat
protmamba,proeng_thermo_mixed_split_mean,protmamba_107M_195B,test_performance_2,sampling_seed-0,0.07274592348220812,0.045050661459111074,5,-23.352555000168703,9.965361783954872e-06,True,stat
protmamba,proeng_thermo_mixed_split_mean,protmamba_107M_195B,test_performance_2,sampling_seed-12345,0.07858120058485094,0.03746993211745174,5,-28.54574058640894,4.481374121575637e-06,True,stat
protmamba,proeng_thermo_mixed_split_mean,protmamba_107M_195B,test_performance_2,sampling_seed-42,0.08329252687637227,0.04098509789788794,5,-25.874481899941955,6.627081325136115e-06,True,stat
protmamba,structure_secondary_structure_tape_ss3_processed_casp12_noflatten,protmamba_107M_195B,test_performance_2,sampling_seed-0,0.40661521499448733,0.010645235397839854,5,-50.99642834424855,4.4243525881463546e-07,True,stat
protmamba,structure_secondary_structure_tape_ss3_processed_casp12_noflatten,protmamba_107M_195B,test_performance_2,sampling_seed-12345,0.40231532524807057,0.012092369917829842,5,-44.643766286722204,7.527082245686486e-07,True,stat
protmamba,structure_secondary_structure_tape_ss3_processed_casp12_noflatten,protmamba_107M_195B,test_performance_2,sampling_seed-42,0.41990077177508267,0.025407224494162207,5,-19.578880069850257,2.0065704684604128e-05,True,stat
protmamba,structure_secondary_structure_tape_ss3_processed_cb513_noflatten,protmamba_107M_195B,test_performance_2,sampling_seed-0,0.38945552784704907,0.006504592928365659,5,-98.9681916680316,3.124950730641733e-08,True,stat
protmamba,structure_secondary_structure_tape_ss3_processed_cb513_noflatten,protmamba_107M_195B,test_performance_2,sampling_seed-12345,0.3864366860626212,0.00974497774400733,5,-66.10839901146667,1.5683121086723553e-07,True,stat
protmamba,structure_secondary_structure_tape_ss3_processed_cb513_noflatten,protmamba_107M_195B,test_performance_2,sampling_seed-42,0.3977320587420338,0.014737340695939112,5,-42.199653159484534,9.424572191690644e-07,True,stat
protmamba,structure_secondary_structure_tape_ss3_processed_ts115_noflatten,protmamba_107M_195B,test_performance_2,sampling_seed-0,0.3981887961217344,0.010714872306810948,5,-62.48704064809591,1.964356400416561e-07,True,stat
protmamba,structure_secondary_structure_tape_ss3_processed_ts115_noflatten,protmamba_107M_195B,test_performance_2,sampling_seed-12345,0.3933140317802316,0.008729919095384009,5,-76.82256542838343,8.603508729347378e-08,True,stat
protmamba,structure_secondary_structure_tape_ss3_processed_ts115_noflatten,protmamba_107M_195B,test_performance_2,sampling_seed-42,0.40402639375168325,0.01204240378814395,5,-53.877034553289135,3.55230085570299e-07,True,stat
protxlstm,annotation_scl_balanced_mean,protxlstm_102M_60B,test_performance_2,sampling_seed-0,0.3194805194805195,0.021339839902798686,5,-9.525793444156804,0.00033905051399199423,True,stat
protxlstm,annotation_scl_balanced_mean,protxlstm_102M_60B,test_performance_2,sampling_seed-12345,0.3127272727272727,0.02138720919505341,5,-10.21075839595909,0.0002591893995276676,True,stat
protxlstm,annotation_scl_balanced_mean,protxlstm_102M_60B,test_performance_2,sampling_seed-42,0.3194805194805195,0.02061624398232149,5,-9.578414886923188,0.00033191738908183163,True,stat
protxlstm,annotation_scl_balanced_mean,protxlstm_26M_30B,test_performance_2,sampling_seed-0,0.29558441558441556,0.013421309800274096,5,-24.752860841732755,7.905128483004009e-06,True,stat
protxlstm,annotation_scl_balanced_mean,protxlstm_26M_30B,test_performance_2,sampling_seed-12345,0.29246753246753243,0.012803903941679212,5,-26.037168747361925,6.463793715597355e-06,True,stat
protxlstm,annotation_scl_balanced_mean,protxlstm_26M_30B,test_performance_2,sampling_seed-42,0.2961038961038961,0.014226559935199124,5,-23.270152556440184,1.010639711422451e-05,True,stat
protxlstm,evolution_remote_homology_tape_rh_processed_test-family-holdout_mean,protxlstm_102M_60B,test_performance_2,sampling_seed-0,0.0,0.0,5,,,,stat
protxlstm,evolution_remote_homology_tape_rh_processed_test-family-holdout_mean,protxlstm_102M_60B,test_performance_2,sampling_seed-12345,0.0,0.0,5,,,,stat
protxlstm,evolution_remote_homology_tape_rh_processed_test-family-holdout_mean,protxlstm_102M_60B,test_performance_2,sampling_seed-42,0.0,0.0,5,,,,stat
protxlstm,evolution_remote_homology_tape_rh_processed_test-fold-holdout_mean,protxlstm_102M_60B,test_performance_2,sampling_seed-0,0.0,0.0,5,,,,stat
protxlstm,evolution_remote_homology_tape_rh_processed_test-fold-holdout_mean,protxlstm_102M_60B,test_performance_2,sampling_seed-12345,0.0,0.0,5,,,,stat
protxlstm,evolution_remote_homology_tape_rh_processed_test-fold-holdout_mean,protxlstm_102M_60B,test_performance_2,sampling_seed-42,0.0,0.0,5,,,,stat
protxlstm,evolution_remote_homology_tape_rh_processed_test-superfamily-holdout_mean,protxlstm_102M_60B,test_performance_2,sampling_seed-0,0.0,0.0,5,,,,stat
protxlstm,evolution_remote_homology_tape_rh_processed_test-superfamily-holdout_mean,protxlstm_102M_60B,test_performance_2,sampling_seed-12345,0.0,0.0,5,-inf,0.0,True,stat
protxlstm,evolution_remote_homology_tape_rh_processed_test-superfamily-holdout_mean,protxlstm_102M_60B,test_performance_2,sampling_seed-42,0.0,0.0,5,,,,stat
protxlstm,proeng_aav_low_vs_high_mean,protxlstm_102M_60B,test_performance_2,sampling_seed-0,0.22513435536593648,0.016202927332769436,5,-15.588996538681467,4.943421040107444e-05,True,stat
protxlstm,proeng_aav_low_vs_high_mean,protxlstm_102M_60B,test_performance_2,sampling_seed-12345,0.22513435536593648,0.016202927332769436,5,-15.550606576804068,4.991751159327484e-05,True,stat
protxlstm,proeng_aav_low_vs_high_mean,protxlstm_102M_60B,test_performance_2,sampling_seed-42,0.22513435536593648,0.016202927332769436,5,-15.588996538681467,4.943421040107444e-05,True,stat
protxlstm,proeng_aav_one_vs_many_mean,protxlstm_102M_60B,test_performance_2,sampling_seed-0,0.2093823907631299,0.06425107908701432,5,-9.588777002347133,0.0003305347683321315,True,stat
protxlstm,proeng_aav_one_vs_many_mean,protxlstm_102M_60B,test_performance_2,sampling_seed-12345,0.2093823907631299,0.06425107908701432,5,-9.591987223992252,0.000330107878152515,True,stat
protxlstm,proeng_aav_one_vs_many_mean,protxlstm_102M_60B,test_performance_2,sampling_seed-42,0.2093823907631299,0.06425107908701432,5,-9.588777002347133,0.0003305347683321315,True,stat
protxlstm,proeng_aav_two_vs_many_mean,protxlstm_102M_60B,test_performance_2,sampling_seed-0,0.4422071645593827,0.052489266793961493,5,-7.685341965724807,0.0007708552061322034,True,stat
protxlstm,proeng_aav_two_vs_many_mean,protxlstm_102M_60B,test_performance_2,sampling_seed-12345,0.4422071645593827,0.052489266793961493,5,-8.237649517814283,0.0005921096736958572,True,stat
protxlstm,proeng_aav_two_vs_many_mean,protxlstm_102M_60B,test_performance_2,sampling_seed-42,0.4422071645593827,0.052489266793961493,5,-7.685341965724807,0.0007708552061322034,True,stat
protxlstm,proeng_gb1_low_vs_high_mean,protxlstm_102M_60B,test_performance_2,sampling_seed-0,0.18857600740952013,0.041480679453826996,5,-14.254197990175577,7.034497264152746e-05,True,stat
protxlstm,proeng_gb1_low_vs_high_mean,protxlstm_102M_60B,test_performance_2,sampling_seed-12345,0.18857600740952013,0.041480679453826996,5,-14.254197990175577,7.034497264152746e-05,True,stat
protxlstm,proeng_gb1_low_vs_high_mean,protxlstm_102M_60B,test_performance_2,sampling_seed-42,0.18857600740952013,0.041480679453826996,5,-14.254197990175577,7.034497264152746e-05,True,stat
protxlstm,proeng_gb1_low_vs_high_mean,protxlstm_26M_30B,test_performance_2,sampling_seed-0,0.2017545598234348,0.018299691154246223,5,-26.214220952997284,6.291755977914348e-06,True,stat
protxlstm,proeng_gb1_low_vs_high_mean,protxlstm_26M_30B,test_performance_2,sampling_seed-12345,0.2017545598234348,0.018299691154246223,5,-26.214220952997284,6.291755977914348e-06,True,stat
protxlstm,proeng_gb1_low_vs_high_mean,protxlstm_26M_30B,test_performance_2,sampling_seed-42,0.2017545598234348,0.018299691154246223,5,-26.214220952997284,6.291755977914348e-06,True,stat
protxlstm,proeng_gb1_one_vs_rest_mean,protxlstm_102M_60B,test_performance_2,sampling_seed-0,0.09241302468604451,0.02762096362561134,5,-17.98425305485406,2.8096518059468334e-05,True,stat
protxlstm,proeng_gb1_one_vs_rest_mean,protxlstm_102M_60B,test_performance_2,sampling_seed-12345,0.09241302468604451,0.02762096362561134,5,-17.98425305485406,2.8096518059468334e-05,True,stat
protxlstm,proeng_gb1_one_vs_rest_mean,protxlstm_102M_60B,test_performance_2,sampling_seed-42,0.09241302468604451,0.02762096362561134,5,-17.98425305485406,2.8096518059468334e-05,True,stat
protxlstm,proeng_gb1_one_vs_rest_mean,protxlstm_26M_30B,test_performance_2,sampling_seed-0,0.13627999817827863,0.02876079876777987,5,-3.720604012351669,0.01023187113665018,True,stat
protxlstm,proeng_gb1_one_vs_rest_mean,protxlstm_26M_30B,test_performance_2,sampling_seed-12345,0.13627999817827863,0.02876079876777987,5,-3.720604012351669,0.01023187113665018,True,stat
protxlstm,proeng_gb1_one_vs_rest_mean,protxlstm_26M_30B,test_performance_2,sampling_seed-42,0.13627999817827863,0.02876079876777987,5,-3.720604012351669,0.01023187113665018,True,stat
protxlstm,proeng_gb1_two_vs_rest_mean,protxlstm_102M_60B,test_performance_2,sampling_seed-0,0.25915608520468,0.06149429799042131,5,1.2046987309651207,0.8526390808378252,False,stat
protxlstm,proeng_gb1_two_vs_rest_mean,protxlstm_102M_60B,test_performance_2,sampling_seed-12345,0.25915608520468,0.06149429799042131,5,1.2046987309651207,0.8526390808378252,False,stat
protxlstm,proeng_gb1_two_vs_rest_mean,protxlstm_102M_60B,test_performance_2,sampling_seed-42,0.25915608520468,0.06149429799042131,5,1.2046987309651207,0.8526390808378252,False,stat
protxlstm,proeng_gb1_two_vs_rest_mean,protxlstm_26M_30B,test_performance_2,sampling_seed-0,0.10790143086194308,0.057959723753064823,5,-4.032531827136787,0.007850320721055348,True,stat
protxlstm,proeng_gb1_two_vs_rest_mean,protxlstm_26M_30B,test_performance_2,sampling_seed-12345,0.10790143086194308,0.057959723753064823,5,-4.032531827136787,0.007850320721055348,True,stat
protxlstm,proeng_gb1_two_vs_rest_mean,protxlstm_26M_30B,test_performance_2,sampling_seed-42,0.10790143086194308,0.057959723753064823,5,-4.032531827136787,0.007850320721055348,True,stat
protxlstm,proeng_thermo_mixed_split_mean,protxlstm_102M_60B,test_performance_2,sampling_seed-0,0.24294641922758292,0.006215049389181964,5,-128.0563275307095,1.1151686322357485e-08,True,stat
protxlstm,proeng_thermo_mixed_split_mean,protxlstm_102M_60B,test_performance_2,sampling_seed-12345,0.23846650007243256,0.00708280365658341,5,-111.45020255235168,1.9434114095563965e-08,True,stat
protxlstm,proeng_thermo_mixed_split_mean,protxlstm_102M_60B,test_performance_2,sampling_seed-42,0.23977420018572987,0.008811753309811491,5,-88.99301706549869,4.7789451046748364e-08,True,stat
protxlstm,structure_secondary_structure_tape_ss3_processed_casp12_noflatten,protxlstm_102M_60B,test_performance_2,sampling_seed-0,0.4850330760749724,0.004556930447612313,5,-97.08424951875082,3.374574529599564e-08,True,stat
protxlstm,structure_secondary_structure_tape_ss3_processed_casp12_noflatten,protxlstm_102M_60B,test_performance_2,sampling_seed-12345,0.48426130099228226,0.005324624576299741,5,-83.98969525298278,6.02291747327047e-08,True,stat
protxlstm,structure_secondary_structure_tape_ss3_processed_casp12_noflatten,protxlstm_102M_60B,test_performance_2,sampling_seed-42,0.4843439911797134,0.005921801706385348,5,-73.71928337387695,1.0145285295308304e-07,True,stat
protxlstm,structure_secondary_structure_tape_ss3_processed_cb513_noflatten,protxlstm_102M_60B,test_performance_2,sampling_seed-0,0.47018287614297594,0.004200137433062477,5,-139.78987337547764,7.853626793722479e-09,True,stat
protxlstm,structure_secondary_structure_tape_ss3_processed_cb513_noflatten,protxlstm_102M_60B,test_performance_2,sampling_seed-12345,0.4697824882238847,0.004344814535993839,5,-135.04876411561187,9.015712736442751e-09,True,stat
protxlstm,structure_secondary_structure_tape_ss3_processed_cb513_noflatten,protxlstm_102M_60B,test_performance_2,sampling_seed-42,0.47007896924355774,0.0043231308769608925,5,-135.85583480013267,8.803415915642754e-09,True,stat
protxlstm,structure_secondary_structure_tape_ss3_processed_ts115_noflatten,protxlstm_102M_60B,test_performance_2,sampling_seed-0,0.4818946943172637,0.005430141770634785,5,-109.2519516081389,2.104562900473072e-08,True,stat
protxlstm,structure_secondary_structure_tape_ss3_processed_ts115_noflatten,protxlstm_102M_60B,test_performance_2,sampling_seed-12345,0.48229194721249663,0.005443566585645237,5,-109.09591332098984,2.1166258760005644e-08,True,stat
protxlstm,structure_secondary_structure_tape_ss3_processed_ts115_noflatten,protxlstm_102M_60B,test_performance_2,sampling_seed-42,0.4825074064099111,0.005563706360094795,5,-106.35589390804245,2.3432525095766488e-08,True,stat
